application_id,checking_status,duration_months,credit_history,purpose,credit_amount,savings_status,employment_since,installment_rate_pct,personal_status_sex,other_debtors,residence_since_years,property,age_years,other_installment_plans,housing,existing_credits_count,job,dependents_count,telephone,foreign_worker,default
0001,lt_0,6,critical_or_other_credits,radio_tv,1169,unknown_or_none,ge_7y,4,male_single,none,4,real_estate,67,none,own,2,skilled_employee,1,yes,yes,0
0002,0_to_200,48,existing_paid_duly,radio_tv,5951,lt_100,1_to_4y,2,female_divorced_separated_married,none,2,real_estate,22,none,own,1,skilled_employee,1,none,yes,1
0003,none,12,critical_or_other_credits,education,2096,lt_100,4_to_7y,2,male_single,none,3,real_estate,49,none,own,1,unskilled_resident,2,none,yes,0
0004,lt_0,42,existing_paid_duly,furniture_equipment,7882,lt_100,4_to_7y,2,male_single,guarantor,4,savings_agreement_or_life_insurance,45,none,for_free,1,skilled_employee,2,none,yes,0
0005,lt_0,24,past_delays,car_new,4870,lt_100,1_to_4y,3,male_single,none,4,unknown_or_none,53,none,for_free,2,skilled_employee,2,none,yes,1
0006,none,36,existing_paid_duly,education,9055,unknown_or_none,1_to_4y,2,male_single,none,4,unknown_or_none,35,none,for_free,1,unskilled_resident,2,yes,yes,0
0007,none,24,existing_paid_duly,furniture_equipment,2835,500_to_1000,ge_7y,3,male_single,none,4,savings_agreement_or_life_insurance,53,none,own,1,skilled_employee,1,none,yes,0
0008,0_to_200,36,existing_paid_duly,car_used,6948,lt_100,1_to_4y,2,male_single,none,2,car_or_other,35,none,rent,1,management_or_self_employed,1,yes,yes,0
0009,none,12,existing_paid_duly,radio_tv,3059,ge_1000,4_to_7y,2,male_divorced_separated,none,4,real_estate,61,none,own,1,unskilled_resident,1,none,yes,0
0010,0_to_200,30,critical_or_other_credits,car_new,5234,lt_100,unemployed,4,male_married_widowed,none,2,car_or_other,28,none,own,2,management_or_self_employed,1,none,yes,1
0011,0_to_200,12,existing_paid_duly,car_new,1295,lt_100,lt_1y,3,female_divorced_separated_married,none,1,car_or_other,25,none,rent,1,skilled_employee,1,none,yes,1
0012,lt_0,48,existing_paid_duly,business,4308,lt_100,lt_1y,3,female_divorced_separated_married,none,4,savings_agreement_or_life_insurance,24,none,rent,1,skilled_employee,1,none,yes,1
0013,0_to_200,12,existing_paid_duly,radio_tv,1567,lt_100,1_to_4y,1,female_divorced_separated_married,none,1,car_or_other,22,none,own,1,skilled_employee,1,yes,yes,0
0014,lt_0,24,critical_or_other_credits,car_new,1199,lt_100,ge_7y,4,male_single,none,4,car_or_other,60,none,own,2,unskilled_resident,1,none,yes,1
0015,lt_0,15,existing_paid_duly,car_new,1403,lt_100,1_to_4y,2,female_divorced_separated_married,none,4,car_or_other,28,none,rent,1,skilled_employee,1,none,yes,0
0016,lt_0,24,existing_paid_duly,radio_tv,1282,100_to_500,1_to_4y,4,female_divorced_separated_married,none,2,car_or_other,32,none,own,1,unskilled_resident,1,none,yes,1
0017,none,24,critical_or_other_credits,radio_tv,2424,unknown_or_none,ge_7y,4,male_single,none,4,savings_agreement_or_life_insurance,53,none,own,2,skilled_employee,1,none,yes,0
0018,lt_0,30,no_credits_all_paid,business,8072,unknown_or_none,lt_1y,2,male_single,none,3,car_or_other,25,bank,own,3,skilled_employee,1,none,yes,0
0019,0_to_200,24,existing_paid_duly,car_used,12579,lt_100,ge_7y,4,female_divorced_separated_married,none,2,unknown_or_none,44,none,for_free,1,management_or_self_employed,1,yes,yes,1
0020,none,24,existing_paid_duly,radio_tv,3430,500_to_1000,ge_7y,3,male_single,none,2,car_or_other,31,none,own,1,skilled_employee,2,yes,yes,0
0021,none,9,critical_or_other_credits,car_new,2134,lt_100,1_to_4y,4,male_single,none,4,car_or_other,48,none,own,3,skilled_employee,1,yes,yes,0
0022,lt_0,6,existing_paid_duly,radio_tv,2647,500_to_1000,1_to_4y,2,male_single,none,3,real_estate,44,none,rent,1,skilled_employee,2,none,yes,0
0023,lt_0,10,critical_or_other_credits,car_new,2241,lt_100,lt_1y,1,male_single,none,3,real_estate,48,none,rent,2,unskilled_resident,2,none,no,0
0024,0_to_200,12,critical_or_other_credits,car_used,1804,100_to_500,lt_1y,3,male_single,none,4,savings_agreement_or_life_insurance,44,none,own,1,skilled_employee,1,none,yes,0
0025,none,10,critical_or_other_credits,furniture_equipment,2069,unknown_or_none,1_to_4y,2,male_married_widowed,none,1,car_or_other,26,none,own,2,skilled_employee,1,none,no,0
0026,lt_0,6,existing_paid_duly,furniture_equipment,1374,lt_100,1_to_4y,1,male_single,none,2,real_estate,36,bank,own,1,unskilled_resident,1,yes,yes,0
0027,none,6,no_credits_all_paid,radio_tv,426,lt_100,ge_7y,4,male_married_widowed,none,4,car_or_other,39,none,own,1,unskilled_resident,1,none,yes,0
0028,ge_200_or_salary,12,all_paid_this_bank,radio_tv,409,ge_1000,1_to_4y,3,female_divorced_separated_married,none,3,real_estate,42,none,rent,2,skilled_employee,1,none,yes,0
0029,0_to_200,7,existing_paid_duly,radio_tv,2415,lt_100,1_to_4y,3,male_single,guarantor,2,real_estate,34,none,own,1,skilled_employee,1,none,yes,0
0030,lt_0,60,past_delays,business,6836,lt_100,ge_7y,3,male_single,none,4,unknown_or_none,63,none,own,2,skilled_employee,1,yes,yes,1
0031,0_to_200,18,existing_paid_duly,business,1913,ge_1000,lt_1y,3,male_married_widowed,none,3,real_estate,36,bank,own,1,skilled_employee,1,yes,yes,0
0032,lt_0,24,existing_paid_duly,furniture_equipment,4020,lt_100,1_to_4y,2,male_single,none,2,car_or_other,27,stores,own,1,skilled_employee,1,none,yes,0
0033,0_to_200,18,existing_paid_duly,car_new,5866,100_to_500,1_to_4y,2,male_single,none,2,car_or_other,30,none,own,2,skilled_employee,1,yes,yes,0
0034,none,12,critical_or_other_credits,business,1264,unknown_or_none,ge_7y,4,male_single,none,4,unknown_or_none,57,none,rent,1,unskilled_resident,1,none,yes,0
0035,ge_200_or_salary,12,existing_paid_duly,furniture_equipment,1474,lt_100,lt_1y,4,female_divorced_separated_married,none,1,savings_agreement_or_life_insurance,33,bank,own,1,management_or_self_employed,1,yes,yes,0
0036,0_to_200,45,critical_or_other_credits,radio_tv,4746,lt_100,lt_1y,4,male_single,none,2,savings_agreement_or_life_insurance,25,none,own,2,unskilled_resident,1,none,yes,1
0037,none,48,critical_or_other_credits,education,6110,lt_100,1_to_4y,1,male_single,none,3,unknown_or_none,31,bank,for_free,1,skilled_employee,1,yes,yes,0
0038,ge_200_or_salary,18,existing_paid_duly,radio_tv,2100,lt_100,1_to_4y,4,male_single,co_applicant,2,real_estate,37,stores,own,1,skilled_employee,1,none,yes,1
0039,ge_200_or_salary,10,existing_paid_duly,domestic_appliances,1225,lt_100,1_to_4y,2,male_single,none,2,car_or_other,37,none,own,1,skilled_employee,1,yes,yes,0
0040,0_to_200,9,existing_paid_duly,radio_tv,458,lt_100,1_to_4y,4,male_single,none,3,real_estate,24,none,own,1,skilled_employee,1,none,yes,0
0041,none,30,existing_paid_duly,radio_tv,2333,500_to_1000,ge_7y,4,male_single,none,2,car_or_other,30,bank,own,1,management_or_self_employed,1,none,yes,0
0042,0_to_200,12,existing_paid_duly,radio_tv,1158,500_to_1000,1_to_4y,3,male_divorced_separated,none,1,car_or_other,26,none,own,1,skilled_employee,1,yes,yes,0
0043,0_to_200,18,past_delays,repairs,6204,lt_100,1_to_4y,2,male_single,none,4,real_estate,44,none,own,1,unskilled_resident,2,yes,yes,0
0044,lt_0,30,critical_or_other_credits,car_used,6187,100_to_500,4_to_7y,1,male_married_widowed,none,4,car_or_other,24,none,rent,2,skilled_employee,1,none,yes,0
0045,lt_0,48,critical_or_other_credits,car_used,6143,lt_100,ge_7y,4,female_divorced_separated_married,none,4,unknown_or_none,58,stores,for_free,2,unskilled_resident,1,none,yes,1
0046,none,11,critical_or_other_credits,car_new,1393,lt_100,lt_1y,4,female_divorced_separated_married,none,4,car_or_other,35,none,own,2,management_or_self_employed,1,none,yes,0
0047,none,36,existing_paid_duly,radio_tv,2299,500_to_1000,ge_7y,4,male_single,none,4,car_or_other,39,none,own,1,skilled_employee,1,none,yes,0
0048,lt_0,6,existing_paid_duly,car_used,1352,500_to_1000,unemployed,1,female_divorced_separated_married,none,2,savings_agreement_or_life_insurance,23,none,rent,1,unemployed_unskilled_non_resident,1,yes,yes,0
0049,none,11,critical_or_other_credits,car_new,7228,lt_100,1_to_4y,1,male_single,none,4,savings_agreement_or_life_insurance,39,none,own,2,unskilled_resident,1,none,yes,0
0050,none,12,existing_paid_duly,radio_tv,2073,100_to_500,1_to_4y,4,female_divorced_separated_married,co_applicant,2,real_estate,28,none,own,1,skilled_employee,1,none,yes,0
0051,0_to_200,24,past_delays,furniture_equipment,2333,unknown_or_none,lt_1y,4,male_single,none,2,savings_agreement_or_life_insurance,29,bank,own,1,unskilled_resident,1,none,yes,0
0052,0_to_200,27,past_delays,car_used,5965,lt_100,ge_7y,1,male_single,none,2,car_or_other,30,none,own,2,management_or_self_employed,1,yes,yes,0
0053,none,12,existing_paid_duly,radio_tv,1262,lt_100,1_to_4y,3,male_single,none,2,car_or_other,25,none,own,1,skilled_employee,1,none,yes,0
0054,none,18,existing_paid_duly,car_used,3378,unknown_or_none,1_to_4y,2,male_single,none,1,savings_agreement_or_life_insurance,31,none,own,1,skilled_employee,1,yes,yes,0
0055,0_to_200,36,past_delays,car_new,2225,lt_100,ge_7y,4,male_single,none,4,unknown_or_none,57,bank,for_free,2,skilled_employee,1,yes,yes,1
0056,none,6,all_paid_this_bank,car_new,783,unknown_or_none,1_to_4y,1,male_single,guarantor,2,real_estate,26,stores,own,1,unskilled_resident,2,none,yes,0
0057,0_to_200,12,existing_paid_duly,radio_tv,6468,unknown_or_none,unemployed,2,male_single,none,1,unknown_or_none,52,none,own,1,management_or_self_employed,1,yes,yes,1
0058,none,36,critical_or_other_credits,radio_tv,9566,lt_100,1_to_4y,2,female_divorced_separated_married,none,2,car_or_other,31,stores,own,2,skilled_employee,1,none,yes,0
0059,ge_200_or_salary,18,existing_paid_duly,car_new,1961,lt_100,ge_7y,3,female_divorced_separated_married,none,2,car_or_other,23,none,own,1,management_or_self_employed,1,none,yes,0
0060,lt_0,36,critical_or_other_credits,furniture_equipment,6229,lt_100,lt_1y,4,female_divorced_separated_married,co_applicant,4,unknown_or_none,23,none,rent,2,unskilled_resident,1,yes,yes,1
0061,0_to_200,9,existing_paid_duly,business,1391,lt_100,1_to_4y,2,male_married_widowed,none,1,real_estate,27,bank,own,1,skilled_employee,1,yes,yes,0
0062,0_to_200,15,critical_or_other_credits,radio_tv,1537,unknown_or_none,ge_7y,4,male_single,guarantor,4,real_estate,50,none,own,2,skilled_employee,1,yes,yes,0
0063,0_to_200,36,no_credits_all_paid,business,1953,lt_100,ge_7y,4,male_single,none,4,unknown_or_none,61,none,for_free,1,management_or_self_employed,1,yes,yes,1
0064,0_to_200,48,no_credits_all_paid,business,14421,lt_100,1_to_4y,2,male_single,none,2,car_or_other,25,none,own,1,skilled_employee,1,yes,yes,1
0065,none,24,existing_paid_duly,radio_tv,3181,lt_100,lt_1y,4,female_divorced_separated_married,none,4,savings_agreement_or_life_insurance,26,none,own,1,skilled_employee,1,yes,yes,0
0066,none,27,existing_paid_duly,repairs,5190,unknown_or_none,ge_7y,4,male_single,none,4,savings_agreement_or_life_insurance,48,none,own,4,skilled_employee,2,yes,yes,0
0067,none,12,existing_paid_duly,radio_tv,2171,lt_100,lt_1y,2,female_divorced_separated_married,none,2,car_or_other,29,bank,own,1,skilled_employee,1,none,yes,0
0068,0_to_200,12,existing_paid_duly,car_new,1007,ge_1000,1_to_4y,4,male_married_widowed,none,1,real_estate,22,none,own,1,skilled_employee,1,none,yes,0
0069,none,36,existing_paid_duly,education,1819,lt_100,1_to_4y,4,male_single,none,4,unknown_or_none,37,stores,for_free,1,skilled_employee,1,yes,yes,1
0070,none,36,existing_paid_duly,radio_tv,2394,unknown_or_none,1_to_4y,4,female_divorced_separated_married,none,4,car_or_other,25,none,own,1,skilled_employee,1,none,yes,0
0071,none,36,existing_paid_duly,car_used,8133,lt_100,1_to_4y,1,female_divorced_separated_married,none,2,savings_agreement_or_life_insurance,30,bank,own,1,skilled_employee,1,none,yes,0
0072,none,7,critical_or_other_credits,radio_tv,730,unknown_or_none,ge_7y,4,male_single,none,2,savings_agreement_or_life_insurance,46,none,rent,2,unskilled_resident,1,yes,yes,0
0073,lt_0,8,critical_or_other_credits,other,1164,lt_100,ge_7y,3,male_single,none,4,unknown_or_none,51,bank,for_free,2,management_or_self_employed,2,yes,yes,0
0074,0_to_200,42,critical_or_other_credits,business,5954,lt_100,4_to_7y,2,female_divorced_separated_married,none,1,real_estate,41,bank,own,2,unskilled_resident,1,none,yes,0
0075,lt_0,36,existing_paid_duly,education,1977,unknown_or_none,ge_7y,4,male_single,none,4,unknown_or_none,40,none,own,1,management_or_self_employed,1,yes,yes,1
0076,lt_0,12,critical_or_other_credits,car_used,1526,lt_100,ge_7y,4,male_single,none,4,unknown_or_none,66,none,for_free,2,management_or_self_employed,1,none,yes,0
0077,lt_0,42,existing_paid_duly,radio_tv,3965,lt_100,lt_1y,4,male_single,none,3,car_or_other,34,none,own,1,skilled_employee,1,none,yes,1
0078,0_to_200,11,past_delays,radio_tv,4771,lt_100,4_to_7y,2,male_single,none,4,savings_agreement_or_life_insurance,51,none,own,1,skilled_employee,1,none,yes,0
0079,none,54,no_credits_all_paid,car_used,9436,unknown_or_none,1_to_4y,2,male_single,none,2,savings_agreement_or_life_insurance,39,none,own,1,unskilled_resident,2,none,yes,0
0080,0_to_200,30,existing_paid_duly,furniture_equipment,3832,lt_100,lt_1y,2,male_married_widowed,none,1,savings_agreement_or_life_insurance,22,none,own,1,skilled_employee,1,none,yes,0
0081,none,24,existing_paid_duly,radio_tv,5943,unknown_or_none,lt_1y,1,female_divorced_separated_married,none,1,car_or_other,44,none,own,2,skilled_employee,1,yes,yes,1
0082,none,15,existing_paid_duly,radio_tv,1213,500_to_1000,ge_7y,4,male_single,none,3,savings_agreement_or_life_insurance,47,stores,own,1,skilled_employee,1,yes,yes,0
0083,none,18,existing_paid_duly,business,1568,100_to_500,1_to_4y,3,female_divorced_separated_married,none,4,savings_agreement_or_life_insurance,24,none,rent,1,unskilled_resident,1,none,yes,0
0084,lt_0,24,existing_paid_duly,other,1755,lt_100,ge_7y,4,female_divorced_separated_married,guarantor,4,real_estate,58,none,own,1,unskilled_resident,1,yes,yes,0
0085,lt_0,10,existing_paid_duly,radio_tv,2315,lt_100,ge_7y,3,male_single,none,4,real_estate,52,none,own,1,unskilled_resident,1,none,yes,0
0086,none,12,critical_or_other_credits,business,1412,lt_100,1_to_4y,4,female_divorced_separated_married,guarantor,2,real_estate,29,none,own,2,management_or_self_employed,1,yes,yes,0
0087,0_to_200,18,critical_or_other_credits,furniture_equipment,1295,lt_100,lt_1y,4,female_divorced_separated_married,none,1,savings_agreement_or_life_insurance,27,none,own,2,skilled_employee,1,none,yes,0
0088,0_to_200,36,existing_paid_duly,education,12612,100_to_500,1_to_4y,1,male_single,none,4,unknown_or_none,47,none,for_free,1,skilled_employee,2,yes,yes,1
0089,lt_0,18,existing_paid_duly,car_new,2249,100_to_500,4_to_7y,4,male_single,none,3,car_or_other,30,none,own,1,management_or_self_employed,2,yes,yes,0
0090,lt_0,12,no_credits_all_paid,repairs,1108,lt_100,4_to_7y,4,male_single,none,3,real_estate,28,none,own,2,skilled_employee,1,none,yes,1
0091,none,12,critical_or_other_credits,radio_tv,618,lt_100,ge_7y,4,male_single,none,4,real_estate,56,none,own,1,skilled_employee,1,none,yes,0
0092,lt_0,12,critical_or_other_credits,car_used,1409,lt_100,ge_7y,4,male_single,none,3,real_estate,54,none,own,1,skilled_employee,1,none,yes,0
0093,none,12,critical_or_other_credits,radio_tv,797,unknown_or_none,ge_7y,4,female_divorced_separated_married,none,3,savings_agreement_or_life_insurance,33,bank,own,1,unskilled_resident,2,none,yes,1
0094,ge_200_or_salary,24,critical_or_other_credits,furniture_equipment,3617,unknown_or_none,ge_7y,4,male_single,co_applicant,4,unknown_or_none,20,none,rent,2,skilled_employee,1,none,yes,0
0095,0_to_200,12,existing_paid_duly,car_new,1318,ge_1000,ge_7y,4,male_single,none,4,real_estate,54,none,own,1,skilled_employee,1,yes,yes,0
0096,0_to_200,54,no_credits_all_paid,business,15945,lt_100,lt_1y,3,male_single,none,4,unknown_or_none,58,none,rent,1,skilled_employee,1,yes,yes,1
0097,none,12,critical_or_other_credits,education,2012,unknown_or_none,4_to_7y,4,female_divorced_separated_married,none,2,car_or_other,61,none,own,1,skilled_employee,1,none,yes,0
0098,0_to_200,18,existing_paid_duly,business,2622,100_to_500,1_to_4y,4,male_single,none,4,car_or_other,34,none,own,1,skilled_employee,1,none,yes,0
0099,0_to_200,36,critical_or_other_credits,radio_tv,2337,lt_100,ge_7y,4,male_single,none,4,real_estate,36,none,own,1,skilled_employee,1,none,yes,0
0100,0_to_200,20,past_delays,car_used,7057,unknown_or_none,4_to_7y,3,male_single,none,4,savings_agreement_or_life_insurance,36,bank,rent,2,management_or_self_employed,2,yes,yes,0
0101,none,24,existing_paid_duly,car_new,1469,100_to_500,ge_7y,4,male_married_widowed,none,4,real_estate,41,none,rent,1,unskilled_resident,1,none,yes,0
0102,0_to_200,36,existing_paid_duly,radio_tv,2323,lt_100,4_to_7y,4,male_single,none,4,car_or_other,24,none,rent,1,skilled_employee,1,none,yes,0
0103,none,6,past_delays,radio_tv,932,lt_100,1_to_4y,3,female_divorced_separated_married,none,2,real_estate,24,none,own,1,skilled_employee,1,none,yes,0
0104,0_to_200,9,critical_or_other_credits,furniture_equipment,1919,lt_100,4_to_7y,4,male_single,none,3,car_or_other,35,none,rent,1,skilled_employee,1,yes,yes,0
0105,none,12,existing_paid_duly,car_used,2445,unknown_or_none,lt_1y,2,male_married_widowed,none,4,car_or_other,26,none,rent,1,skilled_employee,1,yes,yes,0
0106,0_to_200,24,critical_or_other_credits,other,11938,lt_100,1_to_4y,2,male_single,co_applicant,3,car_or_other,39,none,own,2,management_or_self_employed,2,yes,yes,1
0107,none,18,all_paid_this_bank,car_new,6458,lt_100,ge_7y,2,male_single,none,4,unknown_or_none,39,bank,own,2,management_or_self_employed,2,yes,yes,1
0108,0_to_200,12,existing_paid_duly,car_new,6078,lt_100,4_to_7y,2,male_single,none,2,car_or_other,32,none,own,1,skilled_employee,1,none,yes,0
0109,lt_0,24,existing_paid_duly,furniture_equipment,7721,unknown_or_none,lt_1y,1,female_divorced_separated_married,none,2,savings_agreement_or_life_insurance,30,none,own,1,skilled_employee,1,yes,no,0
0110,0_to_200,14,existing_paid_duly,business,1410,500_to_1000,ge_7y,1,male_married_widowed,none,2,real_estate,35,none,own,1,skilled_employee,1,yes,yes,0
0111,0_to_200,6,past_delays,business,1449,100_to_500,ge_7y,1,male_divorced_separated,none,2,car_or_other,31,bank,own,2,skilled_employee,2,none,yes,0
0112,ge_200_or_salary,15,existing_paid_duly,education,392,lt_100,lt_1y,4,female_divorced_separated_married,none,4,savings_agreement_or_life_insurance,23,none,rent,1,skilled_employee,1,yes,yes,0
0113,0_to_200,18,existing_paid_duly,car_new,6260,lt_100,4_to_7y,3,male_single,none,3,real_estate,28,none,rent,1,unskilled_resident,1,none,yes,0
0114,none,36,critical_or_other_credits,car_new,7855,lt_100,1_to_4y,4,female_divorced_separated_married,none,2,real_estate,25,stores,own,2,skilled_employee,1,yes,yes,1
0115,lt_0,12,existing_paid_duly,radio_tv,1680,500_to_1000,ge_7y,3,male_married_widowed,none,1,real_estate,35,none,own,1,skilled_employee,1,none,yes,0
0116,none,48,critical_or_other_credits,radio_tv,3578,unknown_or_none,ge_7y,4,male_single,none,1,real_estate,47,none,own,1,skilled_employee,1,yes,yes,0
0117,lt_0,42,existing_paid_duly,radio_tv,7174,unknown_or_none,4_to_7y,4,female_divorced_separated_married,none,3,car_or_other,30,none,own,1,management_or_self_employed,1,yes,yes,1
0118,lt_0,10,critical_or_other_credits,furniture_equipment,2132,unknown_or_none,lt_1y,2,female_divorced_separated_married,co_applicant,3,real_estate,27,none,rent,2,skilled_employee,1,none,no,0
0119,lt_0,33,critical_or_other_credits,furniture_equipment,4281,500_to_1000,1_to_4y,1,female_divorced_separated_married,none,4,car_or_other,23,none,own,2,skilled_employee,1,none,yes,1
0120,0_to_200,12,critical_or_other_credits,car_new,2366,500_to_1000,4_to_7y,3,male_divorced_separated,none,3,car_or_other,36,none,own,1,management_or_self_employed,1,yes,yes,0
0121,lt_0,21,existing_paid_duly,radio_tv,1835,lt_100,1_to_4y,3,female_divorced_separated_married,none,2,real_estate,25,none,own,2,skilled_employee,1,yes,yes,1
0122,none,24,critical_or_other_credits,car_used,3868,lt_100,ge_7y,4,female_divorced_separated_married,none,2,car_or_other,41,none,rent,2,management_or_self_employed,1,yes,yes,0
0123,none,12,existing_paid_duly,furniture_equipment,1768,lt_100,1_to_4y,3,male_single,none,2,real_estate,24,none,rent,1,unskilled_resident,1,none,yes,0
0124,ge_200_or_salary,10,critical_or_other_credits,car_new,781,lt_100,ge_7y,4,male_single,none,4,unknown_or_none,63,none,for_free,2,skilled_employee,1,yes,yes,0
0125,0_to_200,18,existing_paid_duly,furniture_equipment,1924,unknown_or_none,lt_1y,4,female_divorced_separated_married,none,3,real_estate,27,none,rent,1,skilled_employee,1,none,yes,1
0126,lt_0,12,critical_or_other_credits,car_new,2121,lt_100,1_to_4y,4,male_single,none,2,savings_agreement_or_life_insurance,30,none,own,2,skilled_employee,1,none,yes,0
0127,lt_0,12,existing_paid_duly,radio_tv,701,lt_100,1_to_4y,4,male_married_widowed,none,2,real_estate,40,none,own,1,unskilled_resident,1,none,yes,0
0128,0_to_200,12,existing_paid_duly,repairs,639,lt_100,1_to_4y,4,male_single,none,2,car_or_other,30,none,own,1,skilled_employee,1,none,yes,1
0129,0_to_200,12,critical_or_other_credits,car_used,1860,lt_100,unemployed,4,male_single,none,2,car_or_other,34,none,own,2,management_or_self_employed,1,yes,yes,0
0130,lt_0,12,critical_or_other_credits,car_new,3499,lt_100,1_to_4y,3,female_divorced_separated_married,co_applicant,2,real_estate,29,none,own,2,skilled_employee,1,none,yes,1
0131,0_to_200,48,existing_paid_duly,car_new,8487,unknown_or_none,4_to_7y,1,female_divorced_separated_married,none,2,car_or_other,24,none,own,1,skilled_employee,1,none,yes,0
0132,lt_0,36,past_delays,education,6887,lt_100,1_to_4y,4,male_single,none,3,savings_agreement_or_life_insurance,29,stores,own,1,skilled_employee,1,yes,yes,1
0133,none,15,existing_paid_duly,furniture_equipment,2708,lt_100,lt_1y,2,male_single,none,3,savings_agreement_or_life_insurance,27,bank,own,2,unskilled_resident,1,none,yes,0
0134,none,18,existing_paid_duly,furniture_equipment,1984,lt_100,1_to_4y,4,male_single,none,4,unknown_or_none,47,bank,for_free,2,skilled_employee,1,none,yes,0
0135,none,60,existing_paid_duly,radio_tv,10144,100_to_500,4_to_7y,2,female_divorced_separated_married,none,4,real_estate,21,none,own,1,skilled_employee,1,yes,yes,0
0136,none,12,critical_or_other_credits,radio_tv,1240,unknown_or_none,ge_7y,4,female_divorced_separated_married,none,2,real_estate,38,none,own,2,skilled_employee,1,yes,yes,0
0137,none,27,past_delays,car_used,8613,ge_1000,1_to_4y,2,male_single,none,2,car_or_other,27,none,own,2,skilled_employee,1,none,yes,0
0138,0_to_200,12,existing_paid_duly,radio_tv,766,500_to_1000,1_to_4y,4,male_single,none,3,real_estate,66,none,own,1,unskilled_resident,1,none,yes,1
0139,0_to_200,15,critical_or_other_credits,radio_tv,2728,unknown_or_none,4_to_7y,4,male_single,guarantor,2,real_estate,35,bank,own,3,skilled_employee,1,yes,yes,0
0140,ge_200_or_salary,12,existing_paid_duly,radio_tv,1881,lt_100,1_to_4y,2,female_divorced_separated_married,none,2,car_or_other,44,none,rent,1,unskilled_resident,1,yes,yes,0
0141,ge_200_or_salary,6,existing_paid_duly,car_new,709,ge_1000,lt_1y,2,male_married_widowed,none,2,real_estate,27,none,own,1,unemployed_unskilled_non_resident,1,none,no,0
0142,0_to_200,36,existing_paid_duly,radio_tv,4795,lt_100,lt_1y,4,female_divorced_separated_married,none,1,unknown_or_none,30,none,own,1,management_or_self_employed,1,yes,yes,0
0143,lt_0,27,existing_paid_duly,radio_tv,3416,lt_100,1_to_4y,3,male_single,none,2,car_or_other,27,none,own,1,management_or_self_employed,1,none,yes,0
0144,lt_0,18,existing_paid_duly,furniture_equipment,2462,lt_100,1_to_4y,2,male_single,none,2,car_or_other,22,none,own,1,skilled_employee,1,none,yes,1
0145,none,21,critical_or_other_credits,furniture_equipment,2288,lt_100,lt_1y,4,female_divorced_separated_married,none,4,savings_agreement_or_life_insurance,23,none,own,1,skilled_employee,1,yes,yes,0
0146,0_to_200,48,all_paid_this_bank,business,3566,100_to_500,4_to_7y,4,male_single,none,2,car_or_other,30,none,own,1,skilled_employee,1,none,yes,0
0147,lt_0,6,critical_or_other_credits,car_new,860,lt_100,ge_7y,1,female_divorced_separated_married,none,4,unknown_or_none,39,none,own,2,skilled_employee,1,yes,yes,0
0148,none,12,critical_or_other_credits,car_new,682,100_to_500,4_to_7y,4,female_divorced_separated_married,none,3,car_or_other,51,none,own,2,skilled_employee,1,yes,yes,0
0149,lt_0,36,critical_or_other_credits,furniture_equipment,5371,lt_100,1_to_4y,3,male_single,guarantor,2,savings_agreement_or_life_insurance,28,none,own,2,skilled_employee,1,none,yes,0
0150,none,18,critical_or_other_credits,radio_tv,1582,ge_1000,ge_7y,4,male_single,none,4,car_or_other,46,none,own,2,skilled_employee,1,none,yes,0
0151,none,6,existing_paid_duly,radio_tv,1346,100_to_500,ge_7y,2,male_single,none,4,unknown_or_none,42,bank,for_free,1,skilled_employee,2,yes,yes,0
0152,none,10,existing_paid_duly,radio_tv,1924,lt_100,1_to_4y,1,male_single,none,4,savings_agreement_or_life_insurance,38,none,own,1,skilled_employee,1,yes,no,0
0153,ge_200_or_salary,36,existing_paid_duly,radio_tv,5848,lt_100,1_to_4y,4,male_single,none,1,car_or_other,24,none,own,1,skilled_employee,1,none,yes,0
0154,0_to_200,24,critical_or_other_credits,car_used,7758,ge_1000,ge_7y,2,female_divorced_separated_married,none,4,unknown_or_none,29,none,rent,1,skilled_employee,1,none,yes,0
0155,0_to_200,24,past_delays,business,6967,100_to_500,4_to_7y,4,male_single,none,4,car_or_other,36,none,rent,1,management_or_self_employed,1,yes,yes,0
0156,lt_0,12,existing_paid_duly,furniture_equipment,1282,lt_100,1_to_4y,2,female_divorced_separated_married,none,4,car_or_other,20,none,rent,1,skilled_employee,1,none,yes,1
0157,lt_0,9,critical_or_other_credits,repairs,1288,100_to_500,ge_7y,3,male_single,guarantor,4,real_estate,48,none,own,2,skilled_employee,2,none,no,0
0158,lt_0,12,all_paid_this_bank,retraining,339,lt_100,ge_7y,4,male_married_widowed,none,1,car_or_other,45,bank,own,1,unskilled_resident,1,none,yes,0
0159,0_to_200,24,existing_paid_duly,car_new,3512,100_to_500,4_to_7y,2,male_single,none,3,car_or_other,38,bank,own,2,skilled_employee,1,yes,yes,0
0160,none,6,critical_or_other_credits,radio_tv,1898,unknown_or_none,1_to_4y,1,male_single,none,2,real_estate,34,none,own,2,unskilled_resident,2,none,yes,0
0161,none,24,critical_or_other_credits,radio_tv,2872,100_to_500,ge_7y,3,male_single,none,4,real_estate,36,none,own,1,skilled_employee,2,yes,yes,0
0162,none,18,critical_or_other_credits,car_new,1055,lt_100,lt_1y,4,female_divorced_separated_married,none,1,savings_agreement_or_life_insurance,30,none,own,2,skilled_employee,1,none,yes,0
0163,none,15,existing_paid_duly,domestic_appliances,1262,500_to_1000,4_to_7y,4,male_single,none,3,savings_agreement_or_life_insurance,36,none,own,2,skilled_employee,1,yes,yes,0
0164,0_to_200,10,existing_paid_duly,car_new,7308,lt_100,unemployed,2,male_single,none,4,unknown_or_none,70,bank,for_free,1,management_or_self_employed,1,yes,yes,0
0165,none,36,existing_paid_duly,car_new,909,500_to_1000,ge_7y,4,male_single,none,4,savings_agreement_or_life_insurance,36,none,own,1,skilled_employee,1,none,yes,0
0166,none,6,existing_paid_duly,furniture_equipment,2978,500_to_1000,1_to_4y,1,male_single,none,2,car_or_other,32,none,own,1,skilled_employee,1,yes,yes,0
0167,lt_0,18,existing_paid_duly,furniture_equipment,1131,lt_100,unemployed,4,female_divorced_separated_married,none,2,car_or_other,33,none,own,1,skilled_employee,1,none,yes,1
0168,0_to_200,11,existing_paid_duly,furniture_equipment,1577,ge_1000,lt_1y,4,female_divorced_separated_married,none,1,real_estate,20,none,own,1,skilled_employee,1,none,yes,0
0169,none,24,existing_paid_duly,furniture_equipment,3972,lt_100,4_to_7y,2,female_divorced_separated_married,none,4,savings_agreement_or_life_insurance,25,none,rent,1,skilled_employee,1,yes,yes,0
0170,0_to_200,24,critical_or_other_credits,business,1935,lt_100,ge_7y,4,male_divorced_separated,none,4,real_estate,31,none,own,2,skilled_employee,1,yes,yes,1
0171,lt_0,15,no_credits_all_paid,car_new,950,lt_100,ge_7y,4,male_single,none,3,car_or_other,33,none,rent,2,skilled_employee,2,none,yes,1
0172,none,12,existing_paid_duly,furniture_equipment,763,lt_100,1_to_4y,4,female_divorced_separated_married,none,1,real_estate,26,none,own,1,skilled_employee,1,yes,yes,0
0173,0_to_200,24,past_delays,furniture_equipment,2064,lt_100,unemployed,3,female_divorced_separated_married,none,2,savings_agreement_or_life_insurance,34,none,own,1,management_or_self_employed,1,yes,yes,1
0174,0_to_200,8,existing_paid_duly,radio_tv,1414,lt_100,1_to_4y,4,male_single,guarantor,2,real_estate,33,none,own,1,skilled_employee,1,none,no,0
0175,lt_0,21,past_delays,education,3414,lt_100,lt_1y,2,male_single,none,1,savings_agreement_or_life_insurance,26,none,own,2,skilled_employee,1,none,yes,1
0176,none,30,all_paid_this_bank,car_used,7485,unknown_or_none,unemployed,4,female_divorced_separated_married,none,1,real_estate,53,bank,own,1,management_or_self_employed,1,yes,yes,1
0177,lt_0,12,existing_paid_duly,furniture_equipment,2577,lt_100,1_to_4y,2,male_divorced_separated,none,1,car_or_other,42,none,own,1,skilled_employee,1,none,yes,0
0178,lt_0,6,critical_or_other_credits,radio_tv,338,500_to_1000,ge_7y,4,male_single,none,4,car_or_other,52,none,own,2,skilled_employee,1,none,yes,0
0179,none,12,existing_paid_duly,radio_tv,1963,lt_100,4_to_7y,4,male_single,none,2,car_or_other,31,none,rent,2,management_or_self_employed,2,yes,yes,0
0180,lt_0,21,critical_or_other_credits,car_new,571,lt_100,ge_7y,4,male_single,none,4,real_estate,65,none,own,2,skilled_employee,1,none,yes,0
0181,none,36,past_delays,business,9572,lt_100,lt_1y,1,male_divorced_separated,none,1,car_or_other,28,none,own,2,skilled_employee,1,none,yes,1
0182,0_to_200,36,past_delays,business,4455,lt_100,1_to_4y,2,male_divorced_separated,none,2,real_estate,30,stores,own,2,management_or_self_employed,1,yes,yes,1
0183,lt_0,21,all_paid_this_bank,car_new,1647,unknown_or_none,1_to_4y,4,male_single,none,2,savings_agreement_or_life_insurance,40,none,own,2,unskilled_resident,2,none,yes,1
0184,none,24,critical_or_other_credits,furniture_equipment,3777,ge_1000,1_to_4y,4,male_single,none,4,real_estate,50,none,own,1,skilled_employee,1,yes,yes,0
0185,0_to_200,18,critical_or_other_credits,car_new,884,lt_100,ge_7y,4,male_single,none,4,car_or_other,36,bank,own,1,skilled_employee,2,yes,yes,1
0186,none,15,critical_or_other_credits,radio_tv,1360,lt_100,1_to_4y,4,male_single,none,2,savings_agreement_or_life_insurance,31,none,own,2,skilled_employee,1,none,yes,0
0187,0_to_200,9,all_paid_this_bank,car_used,5129,lt_100,ge_7y,2,female_divorced_separated_married,none,4,unknown_or_none,74,bank,for_free,1,management_or_self_employed,2,yes,yes,1
0188,0_to_200,16,critical_or_other_credits,car_new,1175,lt_100,unemployed,2,male_single,none,3,car_or_other,68,none,for_free,3,unemployed_unskilled_non_resident,1,yes,yes,0
0189,lt_0,12,existing_paid_duly,radio_tv,674,100_to_500,4_to_7y,4,male_married_widowed,none,1,savings_agreement_or_life_insurance,20,none,own,1,skilled_employee,1,none,yes,1
0190,0_to_200,18,no_credits_all_paid,furniture_equipment,3244,lt_100,1_to_4y,1,female_divorced_separated_married,none,4,car_or_other,33,bank,own,2,skilled_employee,1,yes,yes,0
0191,none,24,existing_paid_duly,business,4591,ge_1000,1_to_4y,2,male_single,none,3,savings_agreement_or_life_insurance,54,none,own,3,management_or_self_employed,1,yes,yes,1
0192,0_to_200,48,no_credits_all_paid,business,3844,100_to_500,4_to_7y,4,male_single,none,4,unknown_or_none,34,none,for_free,1,unskilled_resident,2,none,yes,1
0193,0_to_200,27,existing_paid_duly,business,3915,lt_100,1_to_4y,4,male_single,none,2,car_or_other,36,none,own,1,skilled_employee,2,yes,yes,1
0194,none,6,existing_paid_duly,radio_tv,2108,lt_100,4_to_7y,2,male_married_widowed,none,2,real_estate,29,none,rent,1,skilled_employee,1,none,yes,0
0195,0_to_200,45,existing_paid_duly,radio_tv,3031,100_to_500,1_to_4y,4,male_single,guarantor,4,savings_agreement_or_life_insurance,21,none,rent,1,skilled_employee,1,none,yes,1
0196,0_to_200,9,critical_or_other_credits,education,1501,lt_100,ge_7y,2,female_divorced_separated_married,none,3,car_or_other,34,none,own,2,management_or_self_employed,1,yes,yes,1
0197,none,6,critical_or_other_credits,radio_tv,1382,lt_100,1_to_4y,1,female_divorced_separated_married,none,1,car_or_other,28,none,own,2,skilled_employee,1,yes,yes,0
0198,0_to_200,12,existing_paid_duly,furniture_equipment,951,100_to_500,lt_1y,4,female_divorced_separated_married,none,4,car_or_other,27,bank,rent,4,skilled_employee,1,none,yes,1
0199,0_to_200,24,existing_paid_duly,car_used,2760,unknown_or_none,ge_7y,4,male_single,none,4,unknown_or_none,36,bank,for_free,1,skilled_employee,1,yes,yes,0
0200,0_to_200,18,past_delays,furniture_equipment,4297,lt_100,ge_7y,4,male_divorced_separated,none,3,unknown_or_none,40,none,own,1,management_or_self_employed,1,yes,yes,1
0201,none,9,critical_or_other_credits,education,936,500_to_1000,ge_7y,4,male_single,none,2,car_or_other,52,none,own,2,skilled_employee,1,yes,yes,0
0202,lt_0,12,existing_paid_duly,car_new,1168,lt_100,1_to_4y,4,male_married_widowed,none,3,real_estate,27,none,own,1,unskilled_resident,1,none,yes,0
0203,none,27,past_delays,business,5117,lt_100,4_to_7y,3,male_single,none,4,car_or_other,26,none,own,2,skilled_employee,1,none,yes,0
0204,lt_0,12,existing_paid_duly,retraining,902,lt_100,4_to_7y,4,male_married_widowed,none,4,savings_agreement_or_life_insurance,21,none,rent,1,skilled_employee,1,none,yes,1
0205,none,12,critical_or_other_credits,car_new,1495,lt_100,ge_7y,4,male_single,none,1,real_estate,38,none,own,2,unskilled_resident,2,none,yes,0
0206,lt_0,30,critical_or_other_credits,car_used,10623,lt_100,ge_7y,3,male_single,none,4,unknown_or_none,38,none,for_free,3,management_or_self_employed,2,yes,yes,0
0207,none,12,critical_or_other_credits,furniture_equipment,1935,lt_100,ge_7y,4,male_single,none,4,real_estate,43,none,own,3,skilled_employee,1,yes,yes,0
0208,0_to_200,12,critical_or_other_credits,domestic_appliances,1424,lt_100,4_to_7y,4,male_single,none,3,savings_agreement_or_life_insurance,26,none,own,1,skilled_employee,1,none,yes,0
0209,lt_0,24,existing_paid_duly,business,6568,lt_100,1_to_4y,2,male_married_widowed,none,2,car_or_other,21,stores,own,1,unskilled_resident,1,none,yes,0
0210,none,12,existing_paid_duly,car_used,1413,ge_1000,4_to_7y,3,male_single,none,2,savings_agreement_or_life_insurance,55,none,own,1,skilled_employee,1,none,no,0
0211,none,9,critical_or_other_credits,radio_tv,3074,unknown_or_none,1_to_4y,1,male_single,none,2,real_estate,33,none,own,2,skilled_employee,2,none,yes,0
0212,none,36,existing_paid_duly,radio_tv,3835,unknown_or_none,ge_7y,2,female_divorced_separated_married,none,4,real_estate,45,none,own,1,unskilled_resident,1,yes,yes,0
0213,lt_0,27,no_credits_all_paid,business,5293,lt_100,unemployed,2,male_single,none,4,savings_agreement_or_life_insurance,50,stores,own,2,skilled_employee,1,yes,yes,1
0214,ge_200_or_salary,30,past_delays,business,1908,lt_100,ge_7y,4,male_single,none,4,real_estate,66,none,own,1,management_or_self_employed,1,yes,yes,1
0215,none,36,critical_or_other_credits,radio_tv,3342,unknown_or_none,ge_7y,4,male_single,none,2,car_or_other,51,none,own,1,skilled_employee,1,yes,yes,0
0216,0_to_200,6,critical_or_other_credits,retraining,932,unknown_or_none,4_to_7y,1,female_divorced_separated_married,none,3,savings_agreement_or_life_insurance,39,none,own,2,unskilled_resident,1,none,yes,0
0217,lt_0,18,no_credits_all_paid,business,3104,lt_100,4_to_7y,3,male_single,none,1,savings_agreement_or_life_insurance,31,bank,own,1,skilled_employee,1,yes,yes,0
0218,ge_200_or_salary,36,existing_paid_duly,radio_tv,3913,lt_100,1_to_4y,2,male_single,none,2,real_estate,23,none,own,1,skilled_employee,1,yes,yes,0
0219,lt_0,24,existing_paid_duly,furniture_equipment,3021,lt_100,1_to_4y,2,male_divorced_separated,none,2,real_estate,24,none,rent,1,unskilled_resident,1,none,yes,0
0220,none,10,existing_paid_duly,car_new,1364,lt_100,1_to_4y,2,female_divorced_separated_married,none,4,car_or_other,64,none,own,1,skilled_employee,1,yes,yes,0
0221,0_to_200,12,existing_paid_duly,radio_tv,625,lt_100,lt_1y,4,male_married_widowed,guarantor,1,real_estate,26,bank,own,1,unskilled_resident,1,none,yes,0
0222,lt_0,12,existing_paid_duly,education,1200,unknown_or_none,1_to_4y,4,female_divorced_separated_married,none,4,savings_agreement_or_life_insurance,23,bank,rent,1,skilled_employee,1,yes,yes,0
0223,none,12,existing_paid_duly,radio_tv,707,lt_100,1_to_4y,4,male_single,none,2,real_estate,30,bank,own,2,skilled_employee,1,none,yes,0
0224,none,24,past_delays,business,2978,unknown_or_none,1_to_4y,4,male_single,none,4,real_estate,32,none,own,2,skilled_employee,2,yes,yes,0
0225,none,15,existing_paid_duly,car_used,4657,lt_100,1_to_4y,3,male_single,none,2,car_or_other,30,none,own,1,skilled_employee,1,yes,yes,0
0226,none,36,no_credits_all_paid,repairs,2613,lt_100,1_to_4y,4,male_single,none,2,car_or_other,27,none,own,2,skilled_employee,1,none,yes,0
0227,0_to_200,48,existing_paid_duly,radio_tv,10961,ge_1000,4_to_7y,1,male_single,co_applicant,2,unknown_or_none,27,bank,own,2,skilled_employee,1,yes,yes,1
0228,lt_0,12,existing_paid_duly,furniture_equipment,7865,lt_100,ge_7y,4,male_single,none,4,unknown_or_none,53,none,for_free,1,management_or_self_employed,1,yes,yes,1
0229,none,9,existing_paid_duly,radio_tv,1478,lt_100,4_to_7y,4,male_single,none,2,car_or_other,22,none,own,1,skilled_employee,1,none,yes,1
0230,lt_0,24,existing_paid_duly,furniture_equipment,3149,lt_100,lt_1y,4,male_single,none,1,unknown_or_none,22,bank,for_free,1,skilled_employee,1,none,yes,0
0231,ge_200_or_salary,36,existing_paid_duly,radio_tv,4210,lt_100,1_to_4y,4,male_single,none,2,car_or_other,26,none,own,1,skilled_employee,1,none,yes,1
0232,none,9,existing_paid_duly,car_new,2507,500_to_1000,ge_7y,2,male_single,none,4,unknown_or_none,51,none,for_free,1,unskilled_resident,1,none,yes,0
0233,none,12,existing_paid_duly,radio_tv,2141,100_to_500,4_to_7y,3,male_single,none,1,unknown_or_none,35,none,own,1,skilled_employee,1,none,yes,0
0234,0_to_200,18,existing_paid_duly,radio_tv,866,lt_100,1_to_4y,4,male_married_widowed,guarantor,2,real_estate,25,none,own,1,unskilled_resident,1,none,yes,0
0235,none,4,critical_or_other_credits,radio_tv,1544,lt_100,4_to_7y,2,male_single,none,1,real_estate,42,none,own,3,unskilled_resident,2,none,yes,0
0236,lt_0,24,existing_paid_duly,radio_tv,1823,lt_100,unemployed,4,male_single,none,2,car_or_other,30,stores,own,1,management_or_self_employed,2,none,yes,1
0237,0_to_200,6,existing_paid_duly,car_new,14555,unknown_or_none,unemployed,1,male_single,none,2,savings_agreement_or_life_insurance,23,none,own,1,unemployed_unskilled_non_resident,1,yes,yes,1
0238,0_to_200,21,existing_paid_duly,business,2767,100_to_500,ge_7y,4,male_divorced_separated,none,2,car_or_other,61,bank,rent,2,unskilled_resident,1,none,yes,1
0239,none,12,critical_or_other_credits,radio_tv,1291,lt_100,1_to_4y,4,female_divorced_separated_married,none,2,savings_agreement_or_life_insurance,35,none,own,2,skilled_employee,1,none,yes,0
0240,lt_0,30,existing_paid_duly,radio_tv,2522,lt_100,ge_7y,1,male_single,guarantor,3,savings_agreement_or_life_insurance,39,none,own,1,skilled_employee,2,none,yes,0
0241,lt_0,24,existing_paid_duly,car_new,915,unknown_or_none,ge_7y,4,female_divorced_separated_married,none,2,car_or_other,29,bank,own,1,skilled_employee,1,none,yes,1
0242,none,6,existing_paid_duly,radio_tv,1595,lt_100,4_to_7y,3,male_single,none,2,savings_agreement_or_life_insurance,51,none,own,1,skilled_employee,2,none,yes,0
0243,lt_0,48,no_credits_all_paid,car_used,4605,lt_100,ge_7y,3,male_single,none,4,unknown_or_none,24,none,for_free,2,skilled_employee,2,none,yes,1
0244,none,12,critical_or_other_credits,business,1185,lt_100,1_to_4y,3,female_divorced_separated_married,none,2,real_estate,27,none,own,2,skilled_employee,1,none,yes,0
0245,none,12,all_paid_this_bank,retraining,3447,500_to_1000,1_to_4y,4,female_divorced_separated_married,none,3,real_estate,35,none,own,1,unskilled_resident,2,none,yes,0
0246,none,24,existing_paid_duly,business,1258,lt_100,4_to_7y,4,male_single,none,1,real_estate,25,none,own,1,skilled_employee,1,yes,yes,0
0247,none,12,critical_or_other_credits,radio_tv,717,lt_100,ge_7y,4,male_single,none,4,real_estate,52,none,own,3,skilled_employee,1,none,yes,0
0248,none,6,no_credits_all_paid,car_new,1204,100_to_500,1_to_4y,4,male_single,none,1,unknown_or_none,35,bank,rent,1,skilled_employee,1,none,no,0
0249,ge_200_or_salary,24,existing_paid_duly,furniture_equipment,1925,lt_100,1_to_4y,2,male_single,none,2,real_estate,26,none,own,1,skilled_employee,1,none,yes,0
0250,none,18,existing_paid_duly,radio_tv,433,lt_100,unemployed,3,female_divorced_separated_married,co_applicant,4,real_estate,22,none,rent,1,skilled_employee,1,none,yes,1
0251,lt_0,6,critical_or_other_credits,car_new,666,ge_1000,4_to_7y,3,female_divorced_separated_married,none,4,real_estate,39,none,own,2,unskilled_resident,1,yes,yes,0
0252,ge_200_or_salary,12,existing_paid_duly,furniture_equipment,2251,lt_100,1_to_4y,1,female_divorced_separated_married,none,2,car_or_other,46,none,own,1,unskilled_resident,1,none,yes,0
0253,0_to_200,30,existing_paid_duly,car_new,2150,lt_100,1_to_4y,4,female_divorced_separated_married,guarantor,2,unknown_or_none,24,bank,own,1,skilled_employee,1,none,yes,1
0254,none,24,past_delays,furniture_equipment,4151,100_to_500,1_to_4y,2,male_single,none,3,savings_agreement_or_life_insurance,35,none,own,2,skilled_employee,1,none,yes,0
0255,0_to_200,9,existing_paid_duly,furniture_equipment,2030,unknown_or_none,4_to_7y,2,male_single,none,1,car_or_other,24,none,own,1,skilled_employee,1,yes,yes,0
0256,0_to_200,60,past_delays,radio_tv,7418,unknown_or_none,1_to_4y,1,male_single,none,1,real_estate,27,none,own,1,unskilled_resident,1,none,yes,0
0257,none,24,critical_or_other_credits,radio_tv,2684,lt_100,1_to_4y,4,male_single,none,2,real_estate,35,none,own,2,unskilled_resident,1,none,yes,0
0258,lt_0,12,all_paid_this_bank,radio_tv,2149,lt_100,1_to_4y,4,male_divorced_separated,none,1,unknown_or_none,29,none,for_free,1,skilled_employee,1,none,yes,1
0259,none,15,existing_paid_duly,car_used,3812,100_to_500,lt_1y,1,female_divorced_separated_married,none,4,car_or_other,23,none,own,1,skilled_employee,1,yes,yes,0
0260,none,11,critical_or_other_credits,radio_tv,1154,100_to_500,unemployed,4,female_divorced_separated_married,none,4,real_estate,57,none,own,3,unskilled_resident,1,none,yes,0
0261,lt_0,12,existing_paid_duly,furniture_equipment,1657,lt_100,1_to_4y,2,male_single,none,2,real_estate,27,none,own,1,skilled_employee,1,none,yes,0
0262,lt_0,24,existing_paid_duly,radio_tv,1603,lt_100,ge_7y,4,female_divorced_separated_married,none,4,car_or_other,55,none,own,1,skilled_employee,1,none,yes,0
0263,lt_0,18,critical_or_other_credits,car_new,5302,lt_100,ge_7y,2,male_single,none,4,unknown_or_none,36,none,for_free,3,management_or_self_employed,1,yes,yes,0
0264,none,12,critical_or_other_credits,education,2748,lt_100,ge_7y,2,female_divorced_separated_married,none,4,unknown_or_none,57,bank,for_free,3,unskilled_resident,1,none,yes,0
0265,none,10,critical_or_other_credits,car_new,1231,lt_100,ge_7y,3,male_single,none,4,real_estate,32,none,own,2,unskilled_resident,2,none,no,0
0266,0_to_200,15,existing_paid_duly,radio_tv,802,lt_100,ge_7y,4,male_single,none,3,car_or_other,37,none,own,1,skilled_employee,2,none,yes,1
0267,none,36,critical_or_other_credits,business,6304,unknown_or_none,ge_7y,4,male_single,none,4,real_estate,36,none,own,2,skilled_employee,1,none,yes,0
0268,none,24,existing_paid_duly,radio_tv,1533,lt_100,lt_1y,4,female_divorced_separated_married,none,3,car_or_other,38,stores,own,1,skilled_employee,1,yes,yes,0
0269,lt_0,14,existing_paid_duly,car_new,8978,lt_100,ge_7y,1,male_divorced_separated,none,4,savings_agreement_or_life_insurance,45,none,own,1,management_or_self_employed,1,yes,no,1
0270,none,24,existing_paid_duly,radio_tv,999,unknown_or_none,ge_7y,4,male_single,none,2,car_or_other,25,none,own,2,skilled_employee,1,none,yes,0
0271,none,18,existing_paid_duly,car_new,2662,unknown_or_none,4_to_7y,4,male_single,none,3,savings_agreement_or_life_insurance,32,none,own,1,skilled_employee,1,none,no,0
0272,none,12,critical_or_other_credits,furniture_equipment,1402,500_to_1000,4_to_7y,3,female_divorced_separated_married,none,4,car_or_other,37,none,rent,1,skilled_employee,1,yes,yes,0
0273,0_to_200,48,all_paid_this_bank,car_new,12169,unknown_or_none,unemployed,4,male_single,co_applicant,4,unknown_or_none,36,none,for_free,1,management_or_self_employed,1,yes,yes,0
0274,0_to_200,48,existing_paid_duly,radio_tv,3060,lt_100,4_to_7y,4,male_single,none,4,real_estate,28,none,own,2,skilled_employee,1,none,yes,1
0275,lt_0,30,existing_paid_duly,repairs,11998,lt_100,lt_1y,1,male_divorced_separated,none,1,unknown_or_none,34,none,own,1,unskilled_resident,1,yes,yes,1
0276,none,9,existing_paid_duly,radio_tv,2697,lt_100,1_to_4y,1,male_single,none,2,real_estate,32,none,own,1,skilled_employee,2,none,yes,0
0277,none,18,critical_or_other_credits,radio_tv,2404,lt_100,1_to_4y,2,female_divorced_separated_married,none,2,car_or_other,26,none,own,2,skilled_employee,1,none,yes,0
0278,lt_0,12,existing_paid_duly,furniture_equipment,1262,unknown_or_none,ge_7y,2,male_divorced_separated,none,4,savings_agreement_or_life_insurance,49,none,own,1,unskilled_resident,1,yes,yes,0
0279,none,6,existing_paid_duly,furniture_equipment,4611,lt_100,lt_1y,1,female_divorced_separated_married,none,4,savings_agreement_or_life_insurance,32,none,own,1,skilled_employee,1,none,yes,1
0280,none,24,existing_paid_duly,radio_tv,1901,100_to_500,1_to_4y,4,male_single,none,4,car_or_other,29,none,rent,1,management_or_self_employed,1,yes,yes,0
0281,none,15,critical_or_other_credits,car_used,3368,ge_1000,ge_7y,3,male_single,none,4,unknown_or_none,23,none,rent,2,skilled_employee,1,yes,yes,0
0282,none,12,existing_paid_duly,furniture_equipment,1574,lt_100,1_to_4y,4,male_single,none,2,real_estate,50,none,own,1,skilled_employee,1,none,yes,0
0283,ge_200_or_salary,18,all_paid_this_bank,radio_tv,1445,unknown_or_none,4_to_7y,4,male_single,none,4,car_or_other,49,bank,own,1,unskilled_resident,1,none,yes,0
0284,none,15,critical_or_other_credits,furniture_equipment,1520,unknown_or_none,ge_7y,4,male_single,none,4,savings_agreement_or_life_insurance,63,none,own,1,skilled_employee,1,none,yes,0
0285,0_to_200,24,critical_or_other_credits,car_new,3878,100_to_500,lt_1y,4,male_divorced_separated,none,2,car_or_other,37,none,own,1,skilled_employee,1,yes,yes,0
0286,lt_0,47,existing_paid_duly,car_new,10722,lt_100,lt_1y,1,female_divorced_separated_married,none,1,real_estate,35,none,own,1,unskilled_resident,1,yes,yes,0
0287,lt_0,48,existing_paid_duly,car_used,4788,lt_100,4_to_7y,4,male_single,none,3,savings_agreement_or_life_insurance,26,none,own,1,skilled_employee,2,none,yes,0
0288,0_to_200,48,past_delays,other,7582,100_to_500,unemployed,2,male_single,none,4,unknown_or_none,31,none,for_free,1,management_or_self_employed,1,yes,yes,0
0289,0_to_200,12,existing_paid_duly,radio_tv,1092,lt_100,1_to_4y,4,female_divorced_separated_married,guarantor,4,real_estate,49,none,own,2,skilled_employee,1,yes,yes,0
0290,lt_0,24,past_delays,radio_tv,1024,lt_100,lt_1y,4,male_married_widowed,none,4,real_estate,48,stores,own,1,skilled_employee,1,none,yes,1
0291,none,12,existing_paid_duly,business,1076,lt_100,1_to_4y,2,male_married_widowed,none,2,real_estate,26,none,own,1,skilled_employee,1,yes,no,0
0292,0_to_200,36,existing_paid_duly,car_used,9398,lt_100,lt_1y,1,male_married_widowed,none,4,car_or_other,28,none,rent,1,management_or_self_employed,1,yes,yes,1
0293,lt_0,24,critical_or_other_credits,car_used,6419,lt_100,ge_7y,2,female_divorced_separated_married,none,4,unknown_or_none,44,none,for_free,2,management_or_self_employed,2,yes,yes,0
0294,ge_200_or_salary,42,critical_or_other_credits,car_used,4796,lt_100,ge_7y,4,male_single,none,4,unknown_or_none,56,none,for_free,1,skilled_employee,1,none,yes,0
0295,none,48,critical_or_other_credits,business,7629,unknown_or_none,ge_7y,4,male_divorced_separated,none,2,car_or_other,46,bank,own,2,management_or_self_employed,2,none,yes,0
0296,0_to_200,48,existing_paid_duly,furniture_equipment,9960,lt_100,lt_1y,1,female_divorced_separated_married,none,2,car_or_other,26,none,own,1,skilled_employee,1,yes,yes,1
0297,none,12,existing_paid_duly,car_used,4675,unknown_or_none,lt_1y,1,female_divorced_separated_married,none,4,car_or_other,20,none,rent,1,skilled_employee,1,none,yes,0
0298,none,10,existing_paid_duly,car_new,1287,unknown_or_none,ge_7y,4,male_single,co_applicant,2,savings_agreement_or_life_insurance,45,none,own,1,unskilled_resident,1,none,no,0
0299,none,18,existing_paid_duly,furniture_equipment,2515,lt_100,1_to_4y,3,male_single,none,4,real_estate,43,none,own,1,skilled_employee,1,yes,yes,0
0300,0_to_200,21,critical_or_other_credits,furniture_equipment,2745,ge_1000,4_to_7y,3,male_single,none,2,car_or_other,32,none,own,2,skilled_employee,1,yes,yes,0
0301,none,6,existing_paid_duly,car_new,672,lt_100,unemployed,1,female_divorced_separated_married,none,4,real_estate,54,none,own,1,unemployed_unskilled_non_resident,1,yes,yes,0
0302,0_to_200,36,no_credits_all_paid,radio_tv,3804,lt_100,1_to_4y,4,female_divorced_separated_married,none,1,car_or_other,42,none,own,1,skilled_employee,1,yes,yes,1
0303,ge_200_or_salary,24,critical_or_other_credits,car_new,1344,unknown_or_none,4_to_7y,4,male_single,none,2,real_estate,37,bank,own,2,unskilled_resident,2,none,yes,1
0304,lt_0,10,critical_or_other_credits,car_new,1038,lt_100,4_to_7y,4,male_single,co_applicant,3,savings_agreement_or_life_insurance,49,none,own,2,skilled_employee,1,yes,yes,0
0305,none,48,critical_or_other_credits,car_new,10127,500_to_1000,1_to_4y,2,male_single,none,2,unknown_or_none,44,bank,for_free,1,skilled_employee,1,none,yes,1
0306,none,6,existing_paid_duly,furniture_equipment,1543,ge_1000,1_to_4y,4,male_divorced_separated,none,2,real_estate,33,none,own,1,skilled_employee,1,none,yes,0
0307,none,30,existing_paid_duly,car_used,4811,unknown_or_none,4_to_7y,2,female_divorced_separated_married,none,4,savings_agreement_or_life_insurance,24,stores,rent,1,unskilled_resident,1,none,yes,0
0308,lt_0,12,existing_paid_duly,radio_tv,727,100_to_500,lt_1y,4,male_married_widowed,none,3,unknown_or_none,33,none,own,1,unskilled_resident,1,yes,yes,1
0309,0_to_200,8,existing_paid_duly,furniture_equipment,1237,lt_100,1_to_4y,3,female_divorced_separated_married,none,4,real_estate,24,none,own,1,skilled_employee,1,none,yes,1
0310,0_to_200,9,existing_paid_duly,car_new,276,lt_100,1_to_4y,4,male_married_widowed,none,4,real_estate,22,none,rent,1,unskilled_resident,1,none,yes,0
0311,0_to_200,48,existing_paid_duly,other,5381,unknown_or_none,unemployed,3,male_single,none,4,unknown_or_none,40,bank,for_free,1,unemployed_unskilled_non_resident,1,yes,yes,0
0312,none,24,existing_paid_duly,furniture_equipment,5511,100_to_500,1_to_4y,4,male_single,none,1,car_or_other,25,stores,own,1,skilled_employee,1,none,yes,0
0313,ge_200_or_salary,24,existing_paid_duly,furniture_equipment,3749,lt_100,lt_1y,2,female_divorced_separated_married,none,4,car_or_other,26,none,own,1,skilled_employee,1,none,yes,0
0314,0_to_200,12,existing_paid_duly,car_new,685,lt_100,4_to_7y,2,male_married_widowed,none,3,car_or_other,25,bank,own,1,unskilled_resident,1,none,yes,1
0315,ge_200_or_salary,4,existing_paid_duly,car_new,1494,unknown_or_none,lt_1y,1,male_single,none,2,real_estate,29,none,own,1,unskilled_resident,2,none,no,0
0316,lt_0,36,all_paid_this_bank,furniture_equipment,2746,lt_100,ge_7y,4,male_single,none,4,car_or_other,31,bank,own,1,skilled_employee,1,none,yes,1
0317,lt_0,12,existing_paid_duly,furniture_equipment,708,lt_100,1_to_4y,2,male_single,guarantor,3,savings_agreement_or_life_insurance,38,none,own,1,unskilled_resident,2,none,yes,0
0318,0_to_200,24,existing_paid_duly,furniture_equipment,4351,unknown_or_none,1_to_4y,1,female_divorced_separated_married,none,4,savings_agreement_or_life_insurance,48,none,own,1,unskilled_resident,1,yes,yes,0
0319,none,12,critical_or_other_credits,education,701,lt_100,1_to_4y,4,male_single,none,2,car_or_other,32,none,own,2,skilled_employee,1,none,yes,0
0320,lt_0,15,past_delays,furniture_equipment,3643,lt_100,ge_7y,1,female_divorced_separated_married,none,4,savings_agreement_or_life_insurance,27,none,own,2,unskilled_resident,1,none,yes,0
0321,0_to_200,30,critical_or_other_credits,car_new,4249,lt_100,unemployed,4,male_married_widowed,none,2,car_or_other,28,none,own,2,management_or_self_employed,1,none,yes,1
0322,lt_0,24,existing_paid_duly,radio_tv,1938,lt_100,lt_1y,4,male_divorced_separated,none,3,savings_agreement_or_life_insurance,32,none,own,1,skilled_employee,1,none,yes,1
0323,lt_0,24,existing_paid_duly,car_used,2910,lt_100,4_to_7y,2,male_single,none,1,unknown_or_none,34,none,for_free,1,management_or_self_employed,1,yes,yes,0
0324,lt_0,18,existing_paid_duly,furniture_equipment,2659,ge_1000,1_to_4y,4,male_single,none,2,car_or_other,28,none,own,1,skilled_employee,1,none,yes,0
0325,none,18,critical_or_other_credits,car_new,1028,lt_100,1_to_4y,4,female_divorced_separated_married,none,3,real_estate,36,none,own,2,skilled_employee,1,none,yes,0
0326,lt_0,8,critical_or_other_credits,car_new,3398,lt_100,4_to_7y,1,male_single,none,4,real_estate,39,none,own,2,unskilled_resident,1,none,no,0
0327,none,12,critical_or_other_credits,furniture_equipment,5801,unknown_or_none,ge_7y,2,male_single,none,4,savings_agreement_or_life_insurance,49,none,rent,1,skilled_employee,1,yes,yes,0
0328,none,24,existing_paid_duly,car_new,1525,ge_1000,4_to_7y,4,female_divorced_separated_married,none,3,car_or_other,34,none,own,1,skilled_employee,2,yes,yes,0
0329,ge_200_or_salary,36,existing_paid_duly,radio_tv,4473,lt_100,ge_7y,4,male_single,none,2,car_or_other,31,none,own,1,skilled_employee,1,none,yes,0
0330,0_to_200,6,existing_paid_duly,radio_tv,1068,lt_100,ge_7y,4,male_single,none,4,car_or_other,28,none,own,1,skilled_employee,2,none,yes,0
0331,lt_0,24,critical_or_other_credits,car_used,6615,lt_100,unemployed,2,male_single,none,4,unknown_or_none,75,none,for_free,2,management_or_self_employed,1,yes,yes,0
0332,none,18,critical_or_other_credits,education,1864,100_to_500,1_to_4y,4,female_divorced_separated_married,none,2,real_estate,30,none,own,2,skilled_employee,1,none,yes,1
0333,0_to_200,60,existing_paid_duly,car_new,7408,100_to_500,lt_1y,4,female_divorced_separated_married,none,2,savings_agreement_or_life_insurance,24,none,own,1,management_or_self_employed,1,none,yes,1
0334,none,48,critical_or_other_credits,car_used,11590,100_to_500,1_to_4y,2,female_divorced_separated_married,none,4,car_or_other,24,bank,rent,2,unskilled_resident,1,none,yes,1
0335,lt_0,24,no_credits_all_paid,furniture_equipment,4110,lt_100,ge_7y,3,male_single,none,4,unknown_or_none,23,bank,rent,2,skilled_employee,2,none,yes,1
0336,lt_0,6,critical_or_other_credits,furniture_equipment,3384,lt_100,1_to_4y,1,male_divorced_separated,none,4,real_estate,44,none,rent,1,management_or_self_employed,1,yes,yes,1
0337,0_to_200,13,existing_paid_duly,radio_tv,2101,lt_100,lt_1y,2,female_divorced_separated_married,guarantor,4,savings_agreement_or_life_insurance,23,none,own,1,unskilled_resident,1,none,yes,0
0338,lt_0,15,existing_paid_duly,domestic_appliances,1275,unknown_or_none,1_to_4y,4,female_divorced_separated_married,none,2,car_or_other,24,none,rent,1,skilled_employee,1,none,yes,1
0339,lt_0,24,existing_paid_duly,furniture_equipment,4169,lt_100,1_to_4y,4,male_single,none,4,savings_agreement_or_life_insurance,28,none,own,1,skilled_employee,1,none,yes,0
0340,0_to_200,10,existing_paid_duly,furniture_equipment,1521,lt_100,1_to_4y,4,male_divorced_separated,none,2,car_or_other,31,none,own,1,unskilled_resident,1,none,yes,0
0341,0_to_200,24,critical_or_other_credits,education,5743,lt_100,lt_1y,2,female_divorced_separated_married,none,4,unknown_or_none,24,none,for_free,2,skilled_employee,1,yes,yes,0
0342,lt_0,21,existing_paid_duly,furniture_equipment,3599,lt_100,4_to_7y,1,female_divorced_separated_married,none,4,car_or_other,26,none,rent,1,unskilled_resident,1,none,yes,0
0343,0_to_200,18,existing_paid_duly,radio_tv,3213,500_to_1000,lt_1y,1,male_married_widowed,none,3,real_estate,25,none,rent,1,skilled_employee,1,none,yes,0
0344,0_to_200,18,existing_paid_duly,business,4439,lt_100,ge_7y,1,male_single,co_applicant,1,real_estate,33,bank,own,1,management_or_self_employed,1,yes,yes,0
0345,ge_200_or_salary,10,existing_paid_duly,car_new,3949,lt_100,lt_1y,1,male_single,guarantor,1,savings_agreement_or_life_insurance,37,none,own,1,unskilled_resident,2,none,yes,0
0346,none,15,critical_or_other_credits,radio_tv,1459,lt_100,1_to_4y,4,female_divorced_separated_married,none,2,car_or_other,43,none,own,1,unskilled_resident,1,none,yes,0
0347,0_to_200,13,critical_or_other_credits,radio_tv,882,lt_100,lt_1y,4,male_single,guarantor,4,real_estate,23,none,own,2,skilled_employee,1,none,yes,0
0348,0_to_200,24,existing_paid_duly,radio_tv,3758,500_to_1000,unemployed,1,female_divorced_separated_married,none,4,unknown_or_none,23,none,rent,1,unemployed_unskilled_non_resident,1,none,yes,0
0349,none,6,past_delays,business,1743,100_to_500,1_to_4y,1,male_single,none,2,real_estate,34,none,own,2,unskilled_resident,1,none,yes,0
0350,0_to_200,9,critical_or_other_credits,education,1136,ge_1000,ge_7y,4,male_single,none,3,unknown_or_none,32,none,for_free,2,skilled_employee,2,none,yes,1
0351,none,9,existing_paid_duly,domestic_appliances,1236,lt_100,lt_1y,1,female_divorced_separated_married,none,4,real_estate,23,none,rent,1,skilled_employee,1,yes,yes,0
0352,0_to_200,9,existing_paid_duly,furniture_equipment,959,lt_100,1_to_4y,1,female_divorced_separated_married,none,2,car_or_other,29,none,own,1,skilled_employee,1,none,no,1
0353,none,18,critical_or_other_credits,car_used,3229,unknown_or_none,unemployed,2,male_single,none,4,unknown_or_none,38,none,own,1,management_or_self_employed,1,yes,yes,0
0354,lt_0,12,no_credits_all_paid,radio_tv,6199,lt_100,1_to_4y,4,male_single,none,2,savings_agreement_or_life_insurance,28,none,rent,2,skilled_employee,1,yes,yes,1
0355,none,10,existing_paid_duly,education,727,500_to_1000,ge_7y,4,male_single,none,4,unknown_or_none,46,none,for_free,1,skilled_employee,1,yes,yes,0
0356,0_to_200,24,existing_paid_duly,car_new,1246,lt_100,lt_1y,4,male_single,none,2,real_estate,23,stores,own,1,unskilled_resident,1,none,yes,1
0357,none,12,critical_or_other_credits,radio_tv,2331,unknown_or_none,ge_7y,1,male_single,co_applicant,4,real_estate,49,none,own,1,skilled_employee,1,yes,yes,0
0358,none,36,past_delays,radio_tv,4463,lt_100,1_to_4y,4,male_single,none,2,car_or_other,26,none,own,2,management_or_self_employed,1,yes,yes,1
0359,none,12,existing_paid_duly,radio_tv,776,lt_100,1_to_4y,4,male_married_widowed,none,2,real_estate,28,none,own,1,skilled_employee,1,none,yes,0
0360,lt_0,30,existing_paid_duly,furniture_equipment,2406,lt_100,4_to_7y,4,female_divorced_separated_married,none,4,real_estate,23,none,rent,1,skilled_employee,1,none,yes,1
0361,0_to_200,18,existing_paid_duly,education,1239,unknown_or_none,1_to_4y,4,male_single,none,4,unknown_or_none,61,none,for_free,1,skilled_employee,1,none,yes,0
0362,ge_200_or_salary,12,existing_paid_duly,radio_tv,3399,unknown_or_none,ge_7y,2,male_single,none,3,car_or_other,37,none,own,1,management_or_self_employed,1,none,yes,0
0363,ge_200_or_salary,12,past_delays,car_new,2247,lt_100,1_to_4y,2,female_divorced_separated_married,none,2,car_or_other,36,stores,own,2,skilled_employee,1,yes,yes,0
0364,none,6,existing_paid_duly,furniture_equipment,1766,lt_100,1_to_4y,1,male_married_widowed,none,2,savings_agreement_or_life_insurance,21,none,rent,1,skilled_employee,1,none,yes,0
0365,lt_0,18,existing_paid_duly,furniture_equipment,2473,lt_100,unemployed,4,male_single,none,1,car_or_other,25,none,own,1,unemployed_unskilled_non_resident,1,none,yes,1
0366,none,12,existing_paid_duly,business,1542,lt_100,4_to_7y,2,male_single,none,4,car_or_other,36,none,own,1,skilled_employee,1,yes,yes,0
0367,none,18,critical_or_other_credits,car_used,3850,lt_100,4_to_7y,3,male_single,none,1,car_or_other,27,none,own,2,skilled_employee,1,none,yes,0
0368,lt_0,18,existing_paid_duly,furniture_equipment,3650,lt_100,lt_1y,1,female_divorced_separated_married,none,4,car_or_other,22,none,rent,1,skilled_employee,1,none,yes,0
0369,lt_0,36,existing_paid_duly,furniture_equipment,3446,lt_100,ge_7y,4,male_single,none,2,car_or_other,42,none,own,1,skilled_employee,2,none,yes,1
0370,0_to_200,18,existing_paid_duly,furniture_equipment,3001,lt_100,4_to_7y,2,female_divorced_separated_married,none,4,real_estate,40,none,rent,1,skilled_employee,1,none,yes,0
0371,none,36,existing_paid_duly,car_new,3079,unknown_or_none,1_to_4y,4,male_single,none,4,real_estate,36,none,own,1,skilled_employee,1,none,yes,0
0372,none,18,critical_or_other_credits,radio_tv,6070,lt_100,ge_7y,3,male_single,none,4,car_or_other,33,none,own,2,skilled_employee,1,yes,yes,0
0373,none,10,critical_or_other_credits,furniture_equipment,2146,lt_100,lt_1y,1,female_divorced_separated_married,none,3,real_estate,23,none,rent,2,skilled_employee,1,none,yes,0
0374,none,60,critical_or_other_credits,car_new,13756,unknown_or_none,ge_7y,2,male_single,none,4,unknown_or_none,63,bank,for_free,1,management_or_self_employed,1,yes,yes,0
0375,0_to_200,60,all_paid_this_bank,other,14782,100_to_500,ge_7y,3,female_divorced_separated_married,none,4,unknown_or_none,60,bank,for_free,2,management_or_self_employed,1,yes,yes,1
0376,lt_0,48,all_paid_this_bank,business,7685,lt_100,4_to_7y,2,female_divorced_separated_married,guarantor,4,car_or_other,37,none,rent,1,skilled_employee,1,none,yes,1
0377,none,18,past_delays,radio_tv,2320,lt_100,unemployed,2,male_married_widowed,none,3,real_estate,34,none,own,2,skilled_employee,1,none,yes,0
0378,none,7,past_delays,radio_tv,846,unknown_or_none,ge_7y,3,male_single,none,4,unknown_or_none,36,none,for_free,1,skilled_employee,1,none,yes,0
0379,0_to_200,36,existing_paid_duly,car_new,14318,lt_100,ge_7y,4,male_single,none,2,unknown_or_none,57,none,for_free,1,management_or_self_employed,1,yes,yes,1
0380,none,6,critical_or_other_credits,car_new,362,100_to_500,1_to_4y,4,female_divorced_separated_married,none,4,car_or_other,52,none,own,2,unskilled_resident,1,none,yes,0
0381,lt_0,20,existing_paid_duly,furniture_equipment,2212,unknown_or_none,4_to_7y,4,male_single,none,4,car_or_other,39,none,own,1,skilled_employee,1,yes,yes,0
0382,0_to_200,18,existing_paid_duly,car_used,12976,lt_100,unemployed,3,female_divorced_separated_married,none,4,unknown_or_none,38,none,for_free,1,management_or_self_employed,1,yes,yes,1
0383,none,22,existing_paid_duly,car_new,1283,unknown_or_none,4_to_7y,4,female_divorced_separated_married,none,4,savings_agreement_or_life_insurance,25,none,rent,1,skilled_employee,1,none,yes,0
0384,ge_200_or_salary,12,existing_paid_duly,car_new,1330,lt_100,lt_1y,4,male_single,none,1,real_estate,26,none,own,1,skilled_employee,1,none,yes,0
0385,none,30,past_delays,business,4272,100_to_500,1_to_4y,2,male_single,none,2,savings_agreement_or_life_insurance,26,none,own,2,unskilled_resident,1,none,yes,0
0386,none,18,critical_or_other_credits,radio_tv,2238,lt_100,1_to_4y,2,female_divorced_separated_married,none,1,car_or_other,25,none,own,2,skilled_employee,1,none,yes,0
0387,none,18,existing_paid_duly,radio_tv,1126,unknown_or_none,lt_1y,4,female_divorced_separated_married,none,2,real_estate,21,none,rent,1,skilled_employee,1,yes,yes,0
0388,0_to_200,18,critical_or_other_credits,furniture_equipment,7374,lt_100,unemployed,4,male_single,none,4,savings_agreement_or_life_insurance,40,stores,own,2,management_or_self_employed,1,yes,yes,0
0389,0_to_200,15,critical_or_other_credits,business,2326,500_to_1000,1_to_4y,2,male_single,none,4,car_or_other,27,bank,own,1,skilled_employee,1,none,yes,0
0390,none,9,existing_paid_duly,business,1449,lt_100,4_to_7y,3,female_divorced_separated_married,none,2,car_or_other,27,none,own,2,skilled_employee,1,none,yes,0
0391,none,18,existing_paid_duly,car_new,1820,lt_100,1_to_4y,2,male_married_widowed,none,2,savings_agreement_or_life_insurance,30,none,own,1,management_or_self_employed,1,yes,yes,0
0392,0_to_200,12,existing_paid_duly,furniture_equipment,983,ge_1000,lt_1y,1,female_divorced_separated_married,none,4,real_estate,19,none,rent,1,unskilled_resident,1,none,yes,0
0393,lt_0,36,existing_paid_duly,car_new,3249,lt_100,4_to_7y,2,male_single,none,4,unknown_or_none,39,bank,for_free,1,management_or_self_employed,2,yes,yes,0
0394,lt_0,6,critical_or_other_credits,radio_tv,1957,lt_100,4_to_7y,1,female_divorced_separated_married,none,4,car_or_other,31,none,own,1,skilled_employee,1,none,yes,0
0395,none,9,critical_or_other_credits,furniture_equipment,2406,lt_100,unemployed,2,male_single,none,3,car_or_other,31,none,own,1,management_or_self_employed,1,none,yes,0
0396,0_to_200,39,past_delays,education,11760,100_to_500,4_to_7y,2,male_single,none,3,unknown_or_none,32,none,rent,1,skilled_employee,1,yes,yes,0
0397,lt_0,12,existing_paid_duly,furniture_equipment,2578,lt_100,unemployed,3,female_divorced_separated_married,none,4,unknown_or_none,55,none,for_free,1,management_or_self_employed,1,none,yes,0
0398,lt_0,36,critical_or_other_credits,furniture_equipment,2348,lt_100,1_to_4y,3,male_married_widowed,none,2,savings_agreement_or_life_insurance,46,none,own,2,skilled_employee,1,yes,yes,0
0399,0_to_200,12,existing_paid_duly,car_new,1223,lt_100,ge_7y,1,male_divorced_separated,none,1,real_estate,46,none,rent,2,skilled_employee,1,none,yes,1
0400,none,24,critical_or_other_credits,radio_tv,1516,ge_1000,1_to_4y,4,female_divorced_separated_married,none,1,real_estate,43,none,own,2,unskilled_resident,1,none,yes,0
0401,none,18,existing_paid_duly,radio_tv,1473,lt_100,lt_1y,3,male_married_widowed,none,4,real_estate,39,none,own,1,skilled_employee,1,yes,yes,0
0402,0_to_200,18,critical_or_other_credits,business,1887,unknown_or_none,1_to_4y,4,male_married_widowed,none,4,real_estate,28,bank,own,2,skilled_employee,1,none,yes,0
0403,none,24,past_delays,business,8648,lt_100,lt_1y,2,male_single,none,2,car_or_other,27,bank,own,2,skilled_employee,1,yes,yes,1
0404,none,14,past_delays,car_new,802,lt_100,1_to_4y,4,male_single,none,2,car_or_other,27,none,own,2,unskilled_resident,1,none,yes,0
0405,0_to_200,18,past_delays,car_new,2899,unknown_or_none,ge_7y,4,male_single,none,4,car_or_other,43,none,own,1,skilled_employee,2,none,yes,0
0406,0_to_200,24,existing_paid_duly,radio_tv,2039,lt_100,lt_1y,1,male_married_widowed,none,1,savings_agreement_or_life_insurance,22,none,own,1,skilled_employee,1,yes,yes,1
0407,none,24,critical_or_other_credits,car_used,2197,unknown_or_none,4_to_7y,4,male_single,none,4,car_or_other,43,none,own,2,skilled_employee,2,yes,yes,0
0408,lt_0,15,existing_paid_duly,radio_tv,1053,lt_100,lt_1y,4,male_married_widowed,none,2,real_estate,27,none,own,1,skilled_employee,1,none,no,0
0409,none,24,existing_paid_duly,radio_tv,3235,500_to_1000,ge_7y,3,male_divorced_separated,none,2,car_or_other,26,none,own,1,management_or_self_employed,1,yes,yes,0
0410,ge_200_or_salary,12,critical_or_other_credits,car_new,939,500_to_1000,4_to_7y,4,male_married_widowed,none,2,real_estate,28,none,own,3,skilled_employee,1,yes,yes,1
0411,0_to_200,24,existing_paid_duly,radio_tv,1967,lt_100,ge_7y,4,female_divorced_separated_married,none,4,car_or_other,20,none,own,1,skilled_employee,1,yes,yes,0
0412,none,33,critical_or_other_credits,car_used,7253,lt_100,4_to_7y,3,male_single,none,2,car_or_other,35,none,own,2,management_or_self_employed,1,yes,yes,0
0413,none,12,critical_or_other_credits,business,2292,lt_100,unemployed,4,male_single,none,2,car_or_other,42,stores,own,2,management_or_self_employed,1,yes,yes,1
0414,none,10,existing_paid_duly,car_new,1597,500_to_1000,1_to_4y,3,male_single,none,2,unknown_or_none,40,none,rent,1,unskilled_resident,2,none,no,0
0415,lt_0,24,existing_paid_duly,car_new,1381,unknown_or_none,1_to_4y,4,female_divorced_separated_married,none,2,savings_agreement_or_life_insurance,35,none,own,1,skilled_employee,1,none,yes,1
0416,none,36,critical_or_other_credits,car_used,5842,lt_100,ge_7y,2,male_single,none,2,savings_agreement_or_life_insurance,35,none,own,2,skilled_employee,2,yes,yes,0
0417,lt_0,12,existing_paid_duly,car_new,2579,lt_100,lt_1y,4,male_single,none,1,real_estate,33,none,own,1,unskilled_resident,2,none,yes,1
0418,lt_0,18,past_delays,education,8471,unknown_or_none,1_to_4y,1,female_divorced_separated_married,none,2,car_or_other,23,none,rent,2,skilled_employee,1,yes,yes,0
0419,none,21,existing_paid_duly,car_new,2782,500_to_1000,4_to_7y,1,female_divorced_separated_married,none,2,car_or_other,31,bank,own,1,management_or_self_employed,1,none,yes,0
0420,0_to_200,18,existing_paid_duly,car_new,1042,unknown_or_none,1_to_4y,4,female_divorced_separated_married,none,2,savings_agreement_or_life_insurance,33,none,own,1,skilled_employee,1,none,yes,1
0421,none,15,existing_paid_duly,car_new,3186,ge_1000,4_to_7y,2,female_divorced_separated_married,none,3,car_or_other,20,none,rent,1,skilled_employee,1,none,yes,0
0422,0_to_200,12,existing_paid_duly,car_used,2028,unknown_or_none,1_to_4y,4,male_single,none,2,car_or_other,30,none,own,1,skilled_employee,1,none,yes,0
0423,0_to_200,12,critical_or_other_credits,car_new,958,lt_100,4_to_7y,2,male_single,none,3,real_estate,47,none,own,2,unskilled_resident,2,none,yes,0
0424,none,21,past_delays,furniture_equipment,1591,100_to_500,4_to_7y,4,male_single,none,3,real_estate,34,none,own,2,management_or_self_employed,1,none,yes,0
0425,0_to_200,12,existing_paid_duly,furniture_equipment,2762,unknown_or_none,ge_7y,1,female_divorced_separated_married,none,2,savings_agreement_or_life_insurance,25,bank,own,1,skilled_employee,1,yes,yes,1
0426,0_to_200,18,existing_paid_duly,car_used,2779,lt_100,1_to_4y,1,male_married_widowed,none,3,car_or_other,21,none,rent,1,skilled_employee,1,yes,yes,0
0427,none,28,critical_or_other_credits,radio_tv,2743,lt_100,ge_7y,4,male_single,none,2,car_or_other,29,none,own,2,skilled_employee,1,none,yes,0
0428,none,18,critical_or_other_credits,radio_tv,1149,ge_1000,1_to_4y,4,male_single,none,3,real_estate,46,none,own,2,skilled_employee,1,none,yes,0
0429,none,9,existing_paid_duly,furniture_equipment,1313,lt_100,ge_7y,1,male_single,none,4,car_or_other,20,none,own,1,skilled_employee,1,none,yes,0
0430,lt_0,18,critical_or_other_credits,repairs,1190,lt_100,unemployed,2,female_divorced_separated_married,none,4,unknown_or_none,55,none,for_free,3,unemployed_unskilled_non_resident,2,none,yes,1
0431,none,5,existing_paid_duly,business,3448,lt_100,4_to_7y,1,male_single,none,4,real_estate,74,none,own,1,unskilled_resident,1,none,yes,0
0432,0_to_200,24,existing_paid_duly,other,11328,lt_100,1_to_4y,2,male_single,co_applicant,3,car_or_other,29,bank,own,2,management_or_self_employed,1,yes,yes,1
0433,lt_0,6,critical_or_other_credits,furniture_equipment,1872,lt_100,unemployed,4,male_single,none,4,unknown_or_none,36,none,for_free,3,management_or_self_employed,1,yes,yes,0
0434,none,24,critical_or_other_credits,repairs,2058,lt_100,1_to_4y,4,male_divorced_separated,none,2,real_estate,33,none,own,2,skilled_employee,1,yes,yes,0
0435,lt_0,9,existing_paid_duly,furniture_equipment,2136,lt_100,1_to_4y,3,male_single,none,2,real_estate,25,none,own,1,skilled_employee,1,none,yes,0
0436,0_to_200,12,existing_paid_duly,radio_tv,1484,unknown_or_none,1_to_4y,2,male_married_widowed,none,1,real_estate,25,none,own,1,skilled_employee,1,yes,yes,1
0437,none,6,existing_paid_duly,repairs,660,500_to_1000,4_to_7y,2,male_married_widowed,none,4,real_estate,23,none,rent,1,unskilled_resident,1,none,yes,0
0438,none,24,critical_or_other_credits,car_new,1287,ge_1000,ge_7y,4,female_divorced_separated_married,none,4,real_estate,37,none,own,2,skilled_employee,1,yes,yes,0
0439,lt_0,42,critical_or_other_credits,repairs,3394,lt_100,unemployed,4,male_single,co_applicant,4,car_or_other,65,none,own,2,unemployed_unskilled_non_resident,1,none,yes,0
0440,ge_200_or_salary,12,all_paid_this_bank,business,609,lt_100,lt_1y,4,female_divorced_separated_married,none,1,real_estate,26,none,own,1,unemployed_unskilled_non_resident,1,none,yes,1
0441,none,12,existing_paid_duly,car_new,1884,lt_100,ge_7y,4,male_single,none,4,car_or_other,39,none,own,1,management_or_self_employed,1,yes,yes,0
0442,lt_0,12,existing_paid_duly,furniture_equipment,1620,lt_100,1_to_4y,2,female_divorced_separated_married,co_applicant,3,savings_agreement_or_life_insurance,30,none,own,1,skilled_employee,1,none,yes,0
0443,0_to_200,20,past_delays,other,2629,lt_100,1_to_4y,2,male_single,none,3,car_or_other,29,bank,own,2,skilled_employee,1,yes,yes,0
0444,none,12,existing_paid_duly,education,719,lt_100,ge_7y,4,male_single,none,4,car_or_other,41,bank,own,1,unskilled_resident,2,none,yes,1
0445,0_to_200,48,critical_or_other_credits,furniture_equipment,5096,lt_100,1_to_4y,2,female_divorced_separated_married,none,3,car_or_other,30,none,own,1,management_or_self_employed,1,yes,yes,1
0446,none,9,critical_or_other_credits,education,1244,unknown_or_none,ge_7y,4,female_divorced_separated_married,none,4,savings_agreement_or_life_insurance,41,none,rent,2,unskilled_resident,1,none,yes,0
0447,lt_0,36,existing_paid_duly,car_new,1842,lt_100,lt_1y,4,female_divorced_separated_married,none,4,car_or_other,34,none,own,1,skilled_employee,1,yes,yes,1
0448,0_to_200,7,existing_paid_duly,radio_tv,2576,lt_100,1_to_4y,2,male_single,guarantor,2,real_estate,35,none,own,1,skilled_employee,1,none,yes,0
0449,ge_200_or_salary,12,existing_paid_duly,furniture_equipment,1424,unknown_or_none,ge_7y,3,female_divorced_separated_married,none,4,real_estate,55,none,own,1,management_or_self_employed,1,yes,yes,0
0450,0_to_200,15,past_delays,repairs,1512,ge_1000,1_to_4y,3,male_married_widowed,none,3,savings_agreement_or_life_insurance,61,stores,own,2,skilled_employee,1,none,yes,1
0451,none,36,critical_or_other_credits,car_used,11054,unknown_or_none,1_to_4y,4,male_single,none,2,car_or_other,30,none,own,1,management_or_self_employed,1,yes,yes,0
0452,none,6,existing_paid_duly,radio_tv,518,lt_100,1_to_4y,3,female_divorced_separated_married,none,1,real_estate,29,none,own,1,skilled_employee,1,none,yes,0
0453,none,12,no_credits_all_paid,furniture_equipment,2759,lt_100,ge_7y,2,male_single,none,4,savings_agreement_or_life_insurance,34,none,own,2,skilled_employee,1,none,yes,0
0454,none,24,existing_paid_duly,car_used,2670,lt_100,ge_7y,4,male_single,none,4,car_or_other,35,none,own,1,management_or_self_employed,1,yes,yes,0
0455,lt_0,24,existing_paid_duly,car_new,4817,lt_100,4_to_7y,2,male_single,co_applicant,3,savings_agreement_or_life_insurance,31,none,own,1,skilled_employee,1,yes,yes,1
0456,none,24,existing_paid_duly,car_used,2679,lt_100,lt_1y,4,female_divorced_separated_married,none,1,unknown_or_none,29,none,own,1,management_or_self_employed,1,yes,yes,0
0457,lt_0,11,critical_or_other_credits,car_new,3905,lt_100,1_to_4y,2,male_single,none,2,real_estate,36,none,rent,2,skilled_employee,2,none,yes,0
0458,lt_0,12,existing_paid_duly,car_used,3386,lt_100,ge_7y,3,male_single,none,4,unknown_or_none,35,none,for_free,1,skilled_employee,1,yes,yes,1
0459,lt_0,6,existing_paid_duly,domestic_appliances,343,lt_100,lt_1y,4,female_divorced_separated_married,none,1,real_estate,27,none,own,1,skilled_employee,1,none,yes,0
0460,none,18,existing_paid_duly,radio_tv,4594,lt_100,lt_1y,3,male_single,none,2,car_or_other,32,none,own,1,skilled_employee,1,yes,yes,0
0461,lt_0,36,existing_paid_duly,furniture_equipment,3620,lt_100,1_to_4y,1,male_single,guarantor,2,savings_agreement_or_life_insurance,37,none,own,1,skilled_employee,2,none,yes,0
0462,lt_0,15,existing_paid_duly,car_new,1721,lt_100,lt_1y,2,male_single,none,3,real_estate,36,none,own,1,skilled_employee,1,none,yes,0
0463,0_to_200,12,existing_paid_duly,furniture_equipment,3017,lt_100,lt_1y,3,female_divorced_separated_married,none,1,real_estate,34,none,rent,1,management_or_self_employed,1,none,yes,0
0464,0_to_200,12,existing_paid_duly,retraining,754,unknown_or_none,ge_7y,4,male_single,none,4,savings_agreement_or_life_insurance,38,none,own,2,skilled_employee,1,none,yes,0
0465,none,18,existing_paid_duly,business,1950,lt_100,4_to_7y,4,male_single,none,1,car_or_other,34,stores,own,2,skilled_employee,1,yes,yes,0
0466,lt_0,24,existing_paid_duly,car_used,2924,lt_100,1_to_4y,3,male_single,guarantor,4,unknown_or_none,63,bank,own,1,skilled_employee,2,yes,yes,0
0467,lt_0,24,past_delays,radio_tv,1659,lt_100,lt_1y,4,female_divorced_separated_married,none,2,car_or_other,29,none,rent,1,unskilled_resident,1,yes,yes,1
0468,none,48,past_delays,radio_tv,7238,unknown_or_none,ge_7y,3,male_single,none,3,car_or_other,32,bank,own,2,skilled_employee,2,none,yes,0
0469,none,33,past_delays,business,2764,lt_100,1_to_4y,2,female_divorced_separated_married,none,2,car_or_other,26,none,own,2,skilled_employee,1,yes,yes,0
0470,none,24,past_delays,car_used,4679,lt_100,4_to_7y,3,male_single,none,3,car_or_other,35,none,own,2,unskilled_resident,1,yes,yes,0
0471,0_to_200,24,existing_paid_duly,radio_tv,3092,100_to_500,lt_1y,3,male_married_widowed,none,2,car_or_other,22,none,rent,1,skilled_employee,1,yes,yes,1
0472,lt_0,6,existing_paid_duly,education,448,lt_100,lt_1y,4,female_divorced_separated_married,none,4,savings_agreement_or_life_insurance,23,none,own,1,skilled_employee,1,none,yes,1
0473,lt_0,9,existing_paid_duly,car_new,654,lt_100,1_to_4y,4,male_single,none,3,car_or_other,28,none,own,1,unskilled_resident,1,none,yes,1
0474,none,6,existing_paid_duly,retraining,1238,unknown_or_none,unemployed,4,male_single,none,4,savings_agreement_or_life_insurance,36,none,own,1,management_or_self_employed,2,yes,yes,0
0475,0_to_200,18,critical_or_other_credits,radio_tv,1245,lt_100,1_to_4y,4,male_married_widowed,none,2,car_or_other,33,none,own,1,skilled_employee,1,none,yes,1
0476,lt_0,18,no_credits_all_paid,furniture_equipment,3114,lt_100,lt_1y,1,female_divorced_separated_married,none,4,savings_agreement_or_life_insurance,26,none,rent,1,skilled_employee,1,none,yes,1
0477,none,39,existing_paid_duly,car_used,2569,500_to_1000,1_to_4y,4,male_single,none,4,car_or_other,24,none,own,1,skilled_employee,1,none,yes,0
0478,ge_200_or_salary,24,existing_paid_duly,radio_tv,5152,lt_100,4_to_7y,4,male_single,none,2,car_or_other,25,bank,own,1,skilled_employee,1,none,yes,0
0479,0_to_200,12,existing_paid_duly,business,1037,100_to_500,4_to_7y,3,male_single,none,4,real_estate,39,none,own,1,unskilled_resident,1,none,yes,0
0480,lt_0,15,critical_or_other_credits,furniture_equipment,1478,lt_100,ge_7y,4,male_single,none,4,car_or_other,44,none,own,2,skilled_employee,2,yes,yes,0
0481,0_to_200,12,critical_or_other_credits,radio_tv,3573,lt_100,1_to_4y,1,female_divorced_separated_married,none,1,real_estate,23,none,own,1,unskilled_resident,1,none,yes,0
0482,0_to_200,24,existing_paid_duly,car_new,1201,lt_100,lt_1y,4,male_single,none,1,savings_agreement_or_life_insurance,26,none,own,1,skilled_employee,1,none,yes,0
0483,lt_0,30,existing_paid_duly,furniture_equipment,3622,ge_1000,ge_7y,4,female_divorced_separated_married,none,4,savings_agreement_or_life_insurance,57,none,rent,2,skilled_employee,1,yes,yes,0
0484,none,15,past_delays,furniture_equipment,960,ge_1000,4_to_7y,3,female_divorced_separated_married,none,2,savings_agreement_or_life_insurance,30,none,own,2,skilled_employee,1,none,yes,0
0485,none,12,critical_or_other_credits,car_new,1163,500_to_1000,1_to_4y,4,male_single,none,4,real_estate,44,none,own,1,skilled_employee,1,yes,yes,0
0486,0_to_200,6,past_delays,car_new,1209,lt_100,unemployed,4,male_single,none,4,savings_agreement_or_life_insurance,47,none,own,1,management_or_self_employed,1,yes,yes,1
0487,none,12,existing_paid_duly,radio_tv,3077,lt_100,1_to_4y,2,male_single,none,4,car_or_other,52,none,own,1,skilled_employee,1,yes,yes,0
0488,none,24,existing_paid_duly,car_new,3757,lt_100,ge_7y,4,female_divorced_separated_married,co_applicant,4,unknown_or_none,62,none,for_free,1,skilled_employee,1,yes,yes,0
0489,none,10,existing_paid_duly,car_new,1418,100_to_500,1_to_4y,3,male_single,none,2,real_estate,35,none,rent,1,unskilled_resident,1,none,no,0
0490,none,6,existing_paid_duly,car_new,3518,lt_100,1_to_4y,2,male_single,guarantor,3,savings_agreement_or_life_insurance,26,none,rent,1,skilled_employee,1,none,yes,0
0491,none,12,critical_or_other_credits,radio_tv,1934,lt_100,ge_7y,2,male_single,none,2,unknown_or_none,26,none,own,2,skilled_employee,1,none,yes,0
0492,0_to_200,27,no_credits_all_paid,business,8318,lt_100,ge_7y,2,female_divorced_separated_married,none,4,unknown_or_none,42,none,for_free,2,management_or_self_employed,1,yes,yes,1
0493,none,6,critical_or_other_credits,radio_tv,1237,100_to_500,1_to_4y,1,female_divorced_separated_married,none,1,savings_agreement_or_life_insurance,27,none,own,2,skilled_employee,1,none,yes,0
0494,0_to_200,6,existing_paid_duly,radio_tv,368,unknown_or_none,ge_7y,4,male_single,none,4,savings_agreement_or_life_insurance,38,none,own,1,skilled_employee,1,none,yes,0
0495,lt_0,12,critical_or_other_credits,car_new,2122,lt_100,1_to_4y,3,male_single,none,2,real_estate,39,none,rent,2,unskilled_resident,2,none,no,0
0496,lt_0,24,existing_paid_duly,furniture_equipment,2996,unknown_or_none,1_to_4y,2,male_married_widowed,none,4,car_or_other,20,none,own,1,skilled_employee,1,none,yes,1
0497,0_to_200,36,existing_paid_duly,furniture_equipment,9034,100_to_500,lt_1y,4,male_single,co_applicant,1,unknown_or_none,29,none,rent,1,management_or_self_employed,1,yes,yes,1
0498,none,24,critical_or_other_credits,furniture_equipment,1585,lt_100,4_to_7y,4,male_single,none,3,savings_agreement_or_life_insurance,40,none,own,2,skilled_employee,1,none,yes,0
0499,0_to_200,18,existing_paid_duly,radio_tv,1301,lt_100,ge_7y,4,male_married_widowed,guarantor,2,real_estate,32,none,own,1,unskilled_resident,1,none,yes,0
0500,ge_200_or_salary,6,critical_or_other_credits,car_new,1323,100_to_500,ge_7y,2,male_divorced_separated,none,4,car_or_other,28,none,own,2,skilled_employee,2,yes,yes,0
0501,lt_0,24,existing_paid_duly,car_new,3123,lt_100,lt_1y,4,female_divorced_separated_married,none,1,savings_agreement_or_life_insurance,27,none,own,1,skilled_employee,1,none,yes,1
0502,lt_0,36,existing_paid_duly,car_used,5493,lt_100,ge_7y,2,male_single,none,4,unknown_or_none,42,none,for_free,1,skilled_employee,2,none,yes,0
0503,ge_200_or_salary,9,existing_paid_duly,radio_tv,1126,100_to_500,ge_7y,2,male_divorced_separated,none,4,real_estate,49,none,own,1,skilled_employee,1,none,yes,0
0504,0_to_200,24,critical_or_other_credits,radio_tv,1216,100_to_500,lt_1y,4,male_single,none,4,unknown_or_none,38,bank,own,2,skilled_employee,2,none,yes,1
0505,lt_0,24,existing_paid_duly,car_new,1207,lt_100,lt_1y,4,female_divorced_separated_married,none,4,savings_agreement_or_life_insurance,24,none,rent,1,skilled_employee,1,none,yes,1
0506,none,10,existing_paid_duly,car_new,1309,unknown_or_none,1_to_4y,4,male_single,guarantor,4,savings_agreement_or_life_insurance,27,none,own,1,unskilled_resident,1,none,yes,1
0507,ge_200_or_salary,15,critical_or_other_credits,car_used,2360,500_to_1000,1_to_4y,2,male_single,none,2,car_or_other,36,none,own,1,skilled_employee,1,yes,yes,0
0508,0_to_200,15,all_paid_this_bank,car_new,6850,100_to_500,unemployed,1,male_single,none,2,savings_agreement_or_life_insurance,34,none,own,1,management_or_self_employed,2,yes,yes,1
0509,none,24,existing_paid_duly,radio_tv,1413,lt_100,1_to_4y,4,male_married_widowed,none,2,savings_agreement_or_life_insurance,28,none,own,1,skilled_employee,1,none,yes,0
0510,none,39,existing_paid_duly,car_used,8588,100_to_500,ge_7y,4,male_single,none,2,car_or_other,45,none,own,1,management_or_self_employed,1,yes,yes,0
0511,lt_0,12,existing_paid_duly,car_new,759,lt_100,4_to_7y,4,male_single,none,2,real_estate,26,none,own,1,skilled_employee,1,none,yes,1
0512,none,36,existing_paid_duly,car_used,4686,lt_100,1_to_4y,2,male_single,none,2,unknown_or_none,32,none,for_free,1,management_or_self_employed,1,yes,yes,0
0513,ge_200_or_salary,15,existing_paid_duly,business,2687,lt_100,4_to_7y,2,male_single,none,4,savings_agreement_or_life_insurance,26,none,rent,1,skilled_employee,1,yes,yes,0
0514,0_to_200,12,past_delays,radio_tv,585,lt_100,1_to_4y,4,male_married_widowed,co_applicant,4,real_estate,20,none,rent,2,skilled_employee,1,none,yes,0
0515,none,24,existing_paid_duly,car_new,2255,unknown_or_none,lt_1y,4,male_single,none,1,savings_agreement_or_life_insurance,54,none,own,1,skilled_employee,1,none,yes,0
0516,lt_0,6,critical_or_other_credits,car_new,609,lt_100,4_to_7y,4,female_divorced_separated_married,none,3,savings_agreement_or_life_insurance,37,none,own,2,skilled_employee,1,none,no,0
0517,lt_0,6,critical_or_other_credits,car_new,1361,lt_100,lt_1y,2,male_single,none,4,real_estate,40,none,own,1,unskilled_resident,2,none,no,0
0518,none,36,critical_or_other_credits,furniture_equipment,7127,lt_100,lt_1y,2,female_divorced_separated_married,none,4,savings_agreement_or_life_insurance,23,none,rent,2,skilled_employee,1,yes,yes,1
0519,lt_0,6,existing_paid_duly,car_new,1203,100_to_500,ge_7y,3,male_single,none,2,savings_agreement_or_life_insurance,43,none,own,1,skilled_employee,1,yes,yes,0
0520,none,6,critical_or_other_credits,radio_tv,700,unknown_or_none,ge_7y,4,male_single,none,4,unknown_or_none,36,none,for_free,2,skilled_employee,1,none,yes,0
0521,none,24,critical_or_other_credits,repairs,5507,lt_100,ge_7y,3,male_single,none,4,unknown_or_none,44,none,for_free,2,skilled_employee,1,none,yes,0
0522,lt_0,18,existing_paid_duly,radio_tv,3190,lt_100,1_to_4y,2,female_divorced_separated_married,none,2,real_estate,24,none,own,1,skilled_employee,1,none,yes,1
0523,lt_0,48,no_credits_all_paid,furniture_equipment,7119,lt_100,1_to_4y,3,male_single,none,4,unknown_or_none,53,none,for_free,2,skilled_employee,2,none,yes,1
0524,none,24,existing_paid_duly,car_used,3488,100_to_500,4_to_7y,3,female_divorced_separated_married,none,4,car_or_other,23,none,own,1,skilled_employee,1,none,yes,0
0525,0_to_200,18,existing_paid_duly,radio_tv,1113,lt_100,1_to_4y,4,female_divorced_separated_married,guarantor,4,real_estate,26,none,own,1,unskilled_resident,2,none,yes,0
0526,0_to_200,26,existing_paid_duly,car_used,7966,lt_100,lt_1y,2,male_single,none,3,car_or_other,30,none,own,2,skilled_employee,1,none,yes,0
0527,none,15,critical_or_other_credits,education,1532,100_to_500,1_to_4y,4,female_divorced_separated_married,none,3,car_or_other,31,none,own,1,skilled_employee,1,none,yes,0
0528,none,4,critical_or_other_credits,radio_tv,1503,lt_100,4_to_7y,2,male_single,none,1,real_estate,42,none,own,2,unskilled_resident,2,none,yes,0
0529,lt_0,36,existing_paid_duly,radio_tv,2302,lt_100,1_to_4y,4,male_divorced_separated,none,4,car_or_other,31,none,rent,1,skilled_employee,1,none,yes,1
0530,lt_0,6,existing_paid_duly,car_new,662,lt_100,lt_1y,3,male_single,none,4,real_estate,41,none,own,1,unskilled_resident,2,yes,yes,0
0531,0_to_200,36,existing_paid_duly,education,2273,lt_100,4_to_7y,3,male_single,none,1,car_or_other,32,none,own,2,skilled_employee,2,none,yes,0
0532,0_to_200,15,existing_paid_duly,car_new,2631,100_to_500,1_to_4y,2,female_divorced_separated_married,none,4,car_or_other,28,none,rent,2,skilled_employee,1,yes,yes,1
0533,none,12,past_delays,car_used,1503,lt_100,1_to_4y,4,male_married_widowed,none,4,real_estate,41,none,rent,1,skilled_employee,1,none,yes,0
0534,none,24,existing_paid_duly,radio_tv,1311,100_to_500,4_to_7y,4,male_married_widowed,none,3,savings_agreement_or_life_insurance,26,none,own,1,skilled_employee,1,yes,yes,0
0535,none,24,existing_paid_duly,radio_tv,3105,unknown_or_none,lt_1y,4,male_single,none,2,car_or_other,25,none,own,2,skilled_employee,1,none,yes,0
0536,ge_200_or_salary,21,critical_or_other_credits,education,2319,lt_100,lt_1y,2,male_divorced_separated,none,1,car_or_other,33,none,rent,1,skilled_employee,1,none,yes,1
0537,lt_0,6,existing_paid_duly,car_new,1374,unknown_or_none,unemployed,4,female_divorced_separated_married,none,3,savings_agreement_or_life_insurance,75,none,own,1,management_or_self_employed,1,yes,yes,0
0538,0_to_200,18,critical_or_other_credits,furniture_equipment,3612,lt_100,ge_7y,3,female_divorced_separated_married,none,4,savings_agreement_or_life_insurance,37,none,own,1,skilled_employee,1,yes,yes,0
0539,lt_0,48,existing_paid_duly,car_new,7763,lt_100,ge_7y,4,male_single,none,4,unknown_or_none,42,bank,for_free,1,management_or_self_employed,1,none,yes,1
0540,ge_200_or_salary,18,existing_paid_duly,furniture_equipment,3049,lt_100,lt_1y,1,female_divorced_separated_married,none,1,savings_agreement_or_life_insurance,45,stores,own,1,unskilled_resident,1,none,yes,0
0541,0_to_200,12,existing_paid_duly,radio_tv,1534,lt_100,lt_1y,1,male_married_widowed,none,1,real_estate,23,none,rent,1,skilled_employee,1,none,yes,1
0542,none,24,past_delays,car_new,2032,lt_100,ge_7y,4,male_single,none,4,unknown_or_none,60,none,for_free,2,skilled_employee,1,yes,yes,0
0543,lt_0,30,existing_paid_duly,furniture_equipment,6350,unknown_or_none,ge_7y,4,male_single,none,4,savings_agreement_or_life_insurance,31,none,own,1,skilled_employee,1,none,yes,1
0544,ge_200_or_salary,18,existing_paid_duly,furniture_equipment,2864,lt_100,1_to_4y,2,male_single,none,1,real_estate,34,none,own,1,unskilled_resident,2,none,yes,1
0545,none,12,critical_or_other_credits,car_new,1255,lt_100,ge_7y,4,male_single,none,4,real_estate,61,none,own,2,unskilled_resident,1,none,yes,0
0546,lt_0,24,past_delays,car_new,1333,lt_100,unemployed,4,male_single,none,2,real_estate,43,none,for_free,2,skilled_employee,2,none,yes,1
0547,none,24,critical_or_other_credits,car_new,2022,lt_100,1_to_4y,4,female_divorced_separated_married,none,4,car_or_other,37,none,own,1,skilled_employee,1,yes,yes,0
0548,none,24,existing_paid_duly,radio_tv,1552,lt_100,4_to_7y,3,male_single,none,1,car_or_other,32,bank,own,1,skilled_employee,2,none,yes,0
0549,lt_0,12,all_paid_this_bank,radio_tv,626,lt_100,1_to_4y,4,female_divorced_separated_married,none,4,real_estate,24,bank,own,1,unskilled_resident,1,none,yes,1
0550,none,48,critical_or_other_credits,car_used,8858,unknown_or_none,4_to_7y,2,male_single,none,1,unknown_or_none,35,none,for_free,2,skilled_employee,1,yes,yes,0
0551,none,12,critical_or_other_credits,repairs,996,unknown_or_none,4_to_7y,4,female_divorced_separated_married,none,4,real_estate,23,none,own,2,skilled_employee,1,none,yes,0
0552,none,6,all_paid_this_bank,radio_tv,1750,500_to_1000,ge_7y,2,male_single,none,4,savings_agreement_or_life_insurance,45,bank,own,1,unskilled_resident,2,none,yes,0
0553,lt_0,48,existing_paid_duly,radio_tv,6999,lt_100,4_to_7y,1,male_married_widowed,guarantor,1,real_estate,34,none,own,2,skilled_employee,1,yes,yes,1
0554,0_to_200,12,critical_or_other_credits,car_new,1995,100_to_500,lt_1y,4,male_single,none,1,car_or_other,27,none,own,1,skilled_employee,1,none,yes,0
0555,0_to_200,9,existing_paid_duly,education,1199,lt_100,4_to_7y,4,female_divorced_separated_married,none,4,savings_agreement_or_life_insurance,67,none,own,2,management_or_self_employed,1,yes,yes,0
0556,0_to_200,12,existing_paid_duly,radio_tv,1331,lt_100,lt_1y,2,male_single,none,1,car_or_other,22,stores,own,1,skilled_employee,1,none,yes,1
0557,0_to_200,18,no_credits_all_paid,car_new,2278,100_to_500,lt_1y,3,female_divorced_separated_married,none,3,car_or_other,28,none,own,2,skilled_employee,1,none,yes,1
0558,none,21,no_credits_all_paid,car_new,5003,unknown_or_none,1_to_4y,1,female_divorced_separated_married,none,4,savings_agreement_or_life_insurance,29,bank,own,2,skilled_employee,1,yes,yes,1
0559,lt_0,24,all_paid_this_bank,furniture_equipment,3552,lt_100,4_to_7y,3,male_single,none,4,car_or_other,27,bank,own,1,skilled_employee,1,none,yes,1
0560,0_to_200,18,critical_or_other_credits,furniture_equipment,1928,lt_100,lt_1y,2,male_single,none,2,real_estate,31,none,own,2,unskilled_resident,1,none,yes,1
0561,lt_0,24,existing_paid_duly,car_used,2964,unknown_or_none,ge_7y,4,male_single,none,4,unknown_or_none,49,bank,for_free,1,skilled_employee,2,yes,yes,0
0562,lt_0,24,all_paid_this_bank,radio_tv,1546,lt_100,4_to_7y,4,male_single,guarantor,4,car_or_other,24,bank,rent,1,unskilled_resident,1,none,yes,1
0563,ge_200_or_salary,6,past_delays,radio_tv,683,lt_100,lt_1y,2,female_divorced_separated_married,none,1,savings_agreement_or_life_insurance,29,bank,own,1,skilled_employee,1,none,yes,0
0564,0_to_200,36,existing_paid_duly,car_new,12389,unknown_or_none,1_to_4y,1,male_single,none,4,unknown_or_none,37,none,for_free,1,skilled_employee,1,yes,yes,1
0565,0_to_200,24,past_delays,business,4712,unknown_or_none,1_to_4y,4,male_single,none,2,savings_agreement_or_life_insurance,37,bank,own,2,management_or_self_employed,1,yes,yes,0
0566,0_to_200,24,past_delays,radio_tv,1553,100_to_500,4_to_7y,3,female_divorced_separated_married,none,2,savings_agreement_or_life_insurance,23,none,rent,2,skilled_employee,1,yes,yes,0
0567,lt_0,12,existing_paid_duly,car_new,1372,lt_100,4_to_7y,2,male_divorced_separated,none,3,car_or_other,36,none,own,1,skilled_employee,1,none,yes,1
0568,none,24,critical_or_other_credits,radio_tv,2578,ge_1000,ge_7y,2,male_single,none,2,car_or_other,34,none,own,1,skilled_employee,1,none,yes,0
0569,0_to_200,48,existing_paid_duly,radio_tv,3979,unknown_or_none,4_to_7y,4,male_single,none,1,car_or_other,41,none,own,2,skilled_employee,2,yes,yes,0
0570,lt_0,48,existing_paid_duly,radio_tv,6758,lt_100,1_to_4y,3,female_divorced_separated_married,none,2,car_or_other,31,none,own,1,skilled_employee,1,yes,yes,1
0571,lt_0,24,existing_paid_duly,furniture_equipment,3234,lt_100,lt_1y,4,female_divorced_separated_married,none,4,real_estate,23,none,rent,1,unskilled_resident,1,yes,yes,1
0572,none,30,critical_or_other_credits,radio_tv,5954,lt_100,4_to_7y,3,male_single,co_applicant,2,car_or_other,38,none,own,1,skilled_employee,1,none,yes,0
0573,none,24,existing_paid_duly,car_used,5433,unknown_or_none,unemployed,2,female_divorced_separated_married,none,4,savings_agreement_or_life_insurance,26,none,rent,1,management_or_self_employed,1,yes,yes,0
0574,lt_0,15,existing_paid_duly,business,806,lt_100,1_to_4y,4,female_divorced_separated_married,none,4,savings_agreement_or_life_insurance,22,none,own,1,unskilled_resident,1,none,yes,0
0575,0_to_200,9,existing_paid_duly,radio_tv,1082,lt_100,ge_7y,4,male_single,none,4,car_or_other,27,none,own,2,unskilled_resident,1,none,yes,0
0576,none,15,critical_or_other_credits,furniture_equipment,2788,lt_100,4_to_7y,2,female_divorced_separated_married,co_applicant,3,car_or_other,24,bank,own,2,skilled_employee,1,none,yes,0
0577,0_to_200,12,existing_paid_duly,radio_tv,2930,lt_100,4_to_7y,2,female_divorced_separated_married,none,1,real_estate,27,none,own,1,skilled_employee,1,none,yes,0
0578,none,24,critical_or_other_credits,education,1927,unknown_or_none,1_to_4y,3,female_divorced_separated_married,none,2,car_or_other,33,none,own,2,skilled_employee,1,yes,yes,0
0579,0_to_200,36,critical_or_other_credits,car_new,2820,lt_100,lt_1y,4,male_divorced_separated,none,4,car_or_other,27,none,own,2,skilled_employee,1,none,yes,1
0580,none,24,existing_paid_duly,retraining,937,lt_100,lt_1y,4,male_married_widowed,none,3,car_or_other,27,none,own,2,unskilled_resident,1,none,yes,0
0581,0_to_200,18,critical_or_other_credits,car_new,1056,lt_100,ge_7y,3,male_single,guarantor,3,real_estate,30,bank,own,2,skilled_employee,1,none,yes,1
0582,0_to_200,12,critical_or_other_credits,car_new,3124,lt_100,lt_1y,1,male_single,none,3,real_estate,49,bank,own,2,unskilled_resident,2,none,yes,0
0583,none,9,existing_paid_duly,furniture_equipment,1388,lt_100,1_to_4y,4,female_divorced_separated_married,none,2,real_estate,26,none,rent,1,skilled_employee,1,none,yes,0
0584,0_to_200,36,existing_paid_duly,repairs,2384,lt_100,lt_1y,4,male_single,none,1,unknown_or_none,33,none,rent,1,unskilled_resident,1,none,yes,1
0585,none,12,existing_paid_duly,car_new,2133,unknown_or_none,ge_7y,4,female_divorced_separated_married,none,4,unknown_or_none,52,none,for_free,1,management_or_self_employed,1,yes,yes,0
0586,lt_0,18,existing_paid_duly,furniture_equipment,2039,lt_100,1_to_4y,1,female_divorced_separated_married,none,4,real_estate,20,bank,rent,1,skilled_employee,1,none,yes,1
0587,lt_0,9,critical_or_other_credits,car_new,2799,lt_100,1_to_4y,2,male_single,none,2,real_estate,36,none,rent,2,skilled_employee,2,none,yes,0
0588,lt_0,12,existing_paid_duly,furniture_equipment,1289,lt_100,1_to_4y,4,male_single,guarantor,1,savings_agreement_or_life_insurance,21,none,own,1,unskilled_resident,1,none,yes,0
0589,lt_0,18,existing_paid_duly,domestic_appliances,1217,lt_100,1_to_4y,4,male_married_widowed,none,3,real_estate,47,none,own,1,unskilled_resident,1,yes,yes,1
0590,lt_0,12,critical_or_other_credits,furniture_equipment,2246,lt_100,ge_7y,3,male_single,none,3,savings_agreement_or_life_insurance,60,none,own,2,skilled_employee,1,none,yes,1
0591,lt_0,12,critical_or_other_credits,radio_tv,385,lt_100,4_to_7y,4,female_divorced_separated_married,none,3,real_estate,58,none,own,4,unskilled_resident,1,yes,yes,0
0592,0_to_200,24,past_delays,car_new,1965,unknown_or_none,1_to_4y,4,female_divorced_separated_married,none,4,car_or_other,42,none,rent,2,skilled_employee,1,yes,yes,0
0593,none,21,existing_paid_duly,business,1572,ge_1000,ge_7y,4,female_divorced_separated_married,none,4,real_estate,36,bank,own,1,unskilled_resident,1,none,yes,0
0594,0_to_200,24,existing_paid_duly,car_new,2718,lt_100,1_to_4y,3,female_divorced_separated_married,none,4,savings_agreement_or_life_insurance,20,none,rent,1,unskilled_resident,1,yes,yes,1
0595,lt_0,24,all_paid_this_bank,other,1358,unknown_or_none,ge_7y,4,male_single,none,3,car_or_other,40,stores,own,1,management_or_self_employed,1,yes,yes,1
0596,0_to_200,6,all_paid_this_bank,car_new,931,100_to_500,lt_1y,1,female_divorced_separated_married,none,1,savings_agreement_or_life_insurance,32,stores,own,1,unskilled_resident,1,none,yes,1
0597,lt_0,24,existing_paid_duly,car_new,1442,lt_100,4_to_7y,4,female_divorced_separated_married,none,4,car_or_other,23,none,rent,2,skilled_employee,1,none,yes,1
0598,0_to_200,24,no_credits_all_paid,business,4241,lt_100,1_to_4y,1,male_single,none,4,real_estate,36,none,own,3,unskilled_resident,1,yes,yes,1
0599,none,18,critical_or_other_credits,car_new,2775,lt_100,4_to_7y,2,male_single,none,2,savings_agreement_or_life_insurance,31,bank,own,2,skilled_employee,1,none,yes,1
0600,none,24,past_delays,business,3863,lt_100,1_to_4y,1,male_single,none,2,unknown_or_none,32,none,for_free,1,skilled_employee,1,none,yes,0
0601,0_to_200,7,existing_paid_duly,radio_tv,2329,lt_100,lt_1y,1,female_divorced_separated_married,guarantor,1,real_estate,45,none,own,1,skilled_employee,1,none,yes,0
0602,0_to_200,9,existing_paid_duly,furniture_equipment,918,lt_100,1_to_4y,4,female_divorced_separated_married,none,1,savings_agreement_or_life_insurance,30,none,own,1,skilled_employee,1,none,yes,1
0603,0_to_200,24,all_paid_this_bank,education,1837,lt_100,4_to_7y,4,female_divorced_separated_married,none,4,unknown_or_none,34,bank,for_free,1,unskilled_resident,1,none,yes,1
0604,none,36,existing_paid_duly,furniture_equipment,3349,lt_100,1_to_4y,4,female_divorced_separated_married,none,2,car_or_other,28,none,own,1,management_or_self_employed,1,yes,yes,1
0605,ge_200_or_salary,10,existing_paid_duly,furniture_equipment,1275,lt_100,lt_1y,4,female_divorced_separated_married,none,2,savings_agreement_or_life_insurance,23,none,own,1,skilled_employee,1,none,yes,0
0606,lt_0,24,all_paid_this_bank,furniture_equipment,2828,500_to_1000,1_to_4y,4,male_single,none,4,real_estate,22,stores,own,1,skilled_employee,1,yes,yes,0
0607,none,24,critical_or_other_credits,business,4526,lt_100,1_to_4y,3,male_single,none,2,real_estate,74,none,own,1,management_or_self_employed,1,yes,yes,0
0608,0_to_200,36,existing_paid_duly,radio_tv,2671,100_to_500,1_to_4y,4,female_divorced_separated_married,co_applicant,4,unknown_or_none,50,none,for_free,1,skilled_employee,1,none,yes,1
0609,none,18,existing_paid_duly,radio_tv,2051,lt_100,lt_1y,4,male_single,none,1,real_estate,33,none,own,1,skilled_employee,1,none,yes,0
0610,none,15,existing_paid_duly,car_used,1300,unknown_or_none,ge_7y,4,male_single,none,4,unknown_or_none,45,bank,for_free,1,skilled_employee,2,none,yes,0
0611,lt_0,12,existing_paid_duly,domestic_appliances,741,100_to_500,unemployed,4,female_divorced_separated_married,none,3,savings_agreement_or_life_insurance,22,none,own,1,skilled_employee,1,none,yes,1
0612,ge_200_or_salary,10,existing_paid_duly,car_new,1240,100_to_500,ge_7y,1,female_divorced_separated_married,none,4,unknown_or_none,48,none,for_free,1,unskilled_resident,2,none,yes,1
0613,lt_0,21,existing_paid_duly,radio_tv,3357,ge_1000,lt_1y,4,female_divorced_separated_married,none,2,car_or_other,29,bank,own,1,skilled_employee,1,none,yes,0
0614,lt_0,24,all_paid_this_bank,car_used,3632,lt_100,1_to_4y,1,female_divorced_separated_married,guarantor,4,car_or_other,22,bank,rent,1,skilled_employee,1,none,no,0
0615,none,18,past_delays,furniture_equipment,1808,lt_100,4_to_7y,4,female_divorced_separated_married,none,1,real_estate,22,none,own,1,skilled_employee,1,none,yes,1
0616,0_to_200,48,no_credits_all_paid,business,12204,unknown_or_none,1_to_4y,2,male_single,none,2,car_or_other,48,bank,own,1,management_or_self_employed,1,yes,yes,0
0617,0_to_200,60,past_delays,radio_tv,9157,unknown_or_none,1_to_4y,2,male_single,none,2,unknown_or_none,27,none,for_free,1,management_or_self_employed,1,none,yes,0
0618,lt_0,6,critical_or_other_credits,car_new,3676,lt_100,1_to_4y,1,male_single,none,3,real_estate,37,none,rent,3,skilled_employee,2,none,yes,0
0619,0_to_200,30,existing_paid_duly,furniture_equipment,3441,100_to_500,1_to_4y,2,female_divorced_separated_married,co_applicant,4,car_or_other,21,none,rent,1,skilled_employee,1,none,yes,1
0620,none,12,existing_paid_duly,car_new,640,lt_100,1_to_4y,4,male_divorced_separated,none,2,real_estate,49,none,own,1,unskilled_resident,1,none,yes,0
0621,0_to_200,21,critical_or_other_credits,business,3652,lt_100,4_to_7y,2,male_single,none,3,savings_agreement_or_life_insurance,27,none,own,2,skilled_employee,1,none,yes,0
0622,none,18,critical_or_other_credits,car_new,1530,lt_100,1_to_4y,3,male_single,none,2,savings_agreement_or_life_insurance,32,bank,own,2,skilled_employee,1,none,yes,1
0623,none,48,existing_paid_duly,business,3914,unknown_or_none,1_to_4y,4,male_divorced_separated,none,2,real_estate,38,bank,own,1,skilled_employee,1,none,yes,1
0624,lt_0,12,existing_paid_duly,furniture_equipment,1858,lt_100,lt_1y,4,female_divorced_separated_married,none,1,car_or_other,22,none,rent,1,skilled_employee,1,none,yes,0
0625,lt_0,18,existing_paid_duly,radio_tv,2600,lt_100,1_to_4y,4,male_single,none,4,unknown_or_none,65,none,for_free,2,skilled_employee,1,none,yes,1
0626,none,15,existing_paid_duly,radio_tv,1979,unknown_or_none,ge_7y,4,male_single,none,2,car_or_other,35,none,own,1,skilled_employee,1,none,yes,0
0627,ge_200_or_salary,6,existing_paid_duly,furniture_equipment,2116,lt_100,1_to_4y,2,male_single,none,2,real_estate,41,none,own,1,skilled_employee,1,yes,yes,0
0628,0_to_200,9,all_paid_this_bank,car_new,1437,100_to_500,4_to_7y,2,male_single,none,3,unknown_or_none,29,none,own,1,skilled_employee,1,none,yes,1
0629,none,42,critical_or_other_credits,furniture_equipment,4042,500_to_1000,1_to_4y,4,male_single,none,4,real_estate,36,none,own,2,skilled_employee,1,yes,yes,0
0630,none,9,existing_paid_duly,education,3832,unknown_or_none,ge_7y,1,male_single,none,4,real_estate,64,none,own,1,unskilled_resident,1,none,yes,0
0631,lt_0,24,existing_paid_duly,radio_tv,3660,lt_100,1_to_4y,2,female_divorced_separated_married,none,4,car_or_other,28,none,own,1,skilled_employee,1,none,yes,0
0632,lt_0,18,all_paid_this_bank,furniture_equipment,1553,lt_100,1_to_4y,4,male_single,none,3,car_or_other,44,bank,own,1,skilled_employee,1,none,yes,1
0633,0_to_200,15,existing_paid_duly,radio_tv,1444,unknown_or_none,lt_1y,4,male_single,none,1,savings_agreement_or_life_insurance,23,none,own,1,skilled_employee,1,none,yes,0
0634,none,9,existing_paid_duly,furniture_equipment,1980,lt_100,lt_1y,2,female_divorced_separated_married,co_applicant,2,car_or_other,19,none,rent,2,skilled_employee,1,none,yes,1
0635,0_to_200,24,existing_paid_duly,car_new,1355,lt_100,lt_1y,3,female_divorced_separated_married,none,4,car_or_other,25,none,own,1,unskilled_resident,1,yes,yes,1
0636,none,12,existing_paid_duly,education,1393,lt_100,ge_7y,4,male_single,none,4,savings_agreement_or_life_insurance,47,bank,own,3,skilled_employee,2,yes,yes,0
0637,none,24,existing_paid_duly,radio_tv,1376,500_to_1000,4_to_7y,4,female_divorced_separated_married,none,1,car_or_other,28,none,own,1,skilled_employee,1,none,yes,0
0638,none,60,past_delays,radio_tv,15653,lt_100,4_to_7y,2,male_single,none,4,car_or_other,21,none,own,2,skilled_employee,1,yes,yes,0
0639,none,12,existing_paid_duly,radio_tv,1493,lt_100,lt_1y,4,female_divorced_separated_married,none,3,car_or_other,34,none,own,1,skilled_employee,2,none,yes,0
0640,lt_0,42,past_delays,radio_tv,4370,lt_100,4_to_7y,3,male_single,none,2,savings_agreement_or_life_insurance,26,bank,own,2,skilled_employee,2,yes,yes,1
0641,lt_0,18,existing_paid_duly,education,750,lt_100,unemployed,4,female_divorced_separated_married,none,1,real_estate,27,none,own,1,unemployed_unskilled_non_resident,1,none,yes,1
0642,0_to_200,15,existing_paid_duly,repairs,1308,lt_100,ge_7y,4,male_single,none,4,car_or_other,38,none,own,2,unskilled_resident,1,none,yes,0
0643,none,15,existing_paid_duly,education,4623,100_to_500,1_to_4y,3,male_single,none,2,savings_agreement_or_life_insurance,40,none,own,1,management_or_self_employed,1,yes,yes,1
0644,none,24,critical_or_other_credits,radio_tv,1851,lt_100,4_to_7y,4,male_married_widowed,guarantor,2,car_or_other,33,none,own,2,skilled_employee,1,yes,yes,0
0645,lt_0,18,critical_or_other_credits,radio_tv,1880,lt_100,4_to_7y,4,male_married_widowed,none,1,savings_agreement_or_life_insurance,32,none,own,2,management_or_self_employed,1,yes,yes,0
0646,none,36,past_delays,business,7980,unknown_or_none,lt_1y,4,male_single,none,4,car_or_other,27,none,rent,2,skilled_employee,1,yes,yes,1
0647,lt_0,30,no_credits_all_paid,furniture_equipment,4583,lt_100,1_to_4y,2,male_divorced_separated,guarantor,2,real_estate,32,none,own,2,skilled_employee,1,none,yes,0
0648,none,12,existing_paid_duly,car_new,1386,500_to_1000,1_to_4y,2,female_divorced_separated_married,none,2,savings_agreement_or_life_insurance,26,none,own,1,skilled_employee,1,none,yes,1
0649,ge_200_or_salary,24,existing_paid_duly,car_new,947,lt_100,4_to_7y,4,male_single,none,3,unknown_or_none,38,bank,for_free,1,skilled_employee,2,none,yes,1
0650,lt_0,12,existing_paid_duly,education,684,lt_100,1_to_4y,4,male_single,none,4,car_or_other,40,none,rent,1,unskilled_resident,2,none,yes,1
0651,lt_0,48,existing_paid_duly,education,7476,lt_100,4_to_7y,4,male_single,none,1,unknown_or_none,50,none,for_free,1,management_or_self_employed,1,yes,yes,0
0652,0_to_200,12,existing_paid_duly,furniture_equipment,1922,lt_100,1_to_4y,4,male_single,none,2,savings_agreement_or_life_insurance,37,none,own,1,unskilled_resident,1,none,yes,1
0653,lt_0,24,existing_paid_duly,car_new,2303,lt_100,ge_7y,4,male_single,co_applicant,1,real_estate,45,none,own,1,skilled_employee,1,none,yes,1
0654,0_to_200,36,past_delays,car_new,8086,100_to_500,ge_7y,2,male_single,none,4,car_or_other,42,none,own,4,management_or_self_employed,1,yes,yes,1
0655,none,24,critical_or_other_credits,car_used,2346,lt_100,4_to_7y,4,male_single,none,3,car_or_other,35,none,own,2,skilled_employee,1,yes,yes,0
0656,lt_0,14,existing_paid_duly,car_new,3973,lt_100,unemployed,1,male_single,none,4,unknown_or_none,22,none,for_free,1,skilled_employee,1,none,yes,0
0657,0_to_200,12,existing_paid_duly,car_new,888,lt_100,ge_7y,4,male_single,none,4,car_or_other,41,bank,own,1,unskilled_resident,2,none,yes,1
0658,none,48,existing_paid_duly,radio_tv,10222,unknown_or_none,4_to_7y,4,male_single,none,3,car_or_other,37,stores,own,1,skilled_employee,1,yes,yes,0
0659,0_to_200,30,no_credits_all_paid,business,4221,lt_100,1_to_4y,2,female_divorced_separated_married,none,1,car_or_other,28,none,own,2,skilled_employee,1,none,yes,0
0660,0_to_200,18,critical_or_other_credits,furniture_equipment,6361,lt_100,ge_7y,2,male_single,none,1,unknown_or_none,41,none,own,1,skilled_employee,1,yes,yes,0
0661,ge_200_or_salary,12,existing_paid_duly,radio_tv,1297,lt_100,1_to_4y,3,male_married_widowed,none,4,real_estate,23,none,rent,1,skilled_employee,1,none,yes,0
0662,lt_0,12,existing_paid_duly,car_new,900,unknown_or_none,1_to_4y,4,male_married_widowed,none,2,car_or_other,23,none,own,1,skilled_employee,1,none,yes,1
0663,none,21,existing_paid_duly,furniture_equipment,2241,lt_100,ge_7y,4,male_single,none,2,real_estate,50,none,own,2,skilled_employee,1,none,yes,0
0664,0_to_200,6,past_delays,furniture_equipment,1050,lt_100,unemployed,4,male_single,none,1,savings_agreement_or_life_insurance,35,stores,own,2,management_or_self_employed,1,yes,yes,0
0665,ge_200_or_salary,6,critical_or_other_credits,education,1047,lt_100,1_to_4y,2,female_divorced_separated_married,none,4,savings_agreement_or_life_insurance,50,none,own,1,unskilled_resident,1,none,yes,0
0666,none,24,critical_or_other_credits,other,6314,lt_100,unemployed,4,male_single,co_applicant,2,unknown_or_none,27,bank,own,2,management_or_self_employed,1,yes,yes,0
0667,0_to_200,30,all_paid_this_bank,furniture_equipment,3496,ge_1000,1_to_4y,4,male_single,none,2,car_or_other,34,stores,own,1,skilled_employee,2,yes,yes,0
0668,none,48,all_paid_this_bank,business,3609,lt_100,1_to_4y,1,female_divorced_separated_married,none,1,real_estate,27,stores,own,1,skilled_employee,1,none,yes,0
0669,lt_0,12,critical_or_other_credits,car_new,4843,lt_100,ge_7y,3,male_single,co_applicant,4,savings_agreement_or_life_insurance,43,none,rent,2,skilled_employee,1,yes,yes,1
0670,ge_200_or_salary,30,critical_or_other_credits,radio_tv,3017,lt_100,ge_7y,4,male_single,none,4,savings_agreement_or_life_insurance,47,none,own,1,skilled_employee,1,none,yes,0
0671,none,24,critical_or_other_credits,business,4139,100_to_500,1_to_4y,3,male_single,none,3,savings_agreement_or_life_insurance,27,none,own,2,unskilled_resident,1,yes,yes,0
0672,none,36,existing_paid_duly,business,5742,100_to_500,4_to_7y,2,male_single,none,2,car_or_other,31,none,own,2,skilled_employee,1,yes,yes,0
0673,none,60,existing_paid_duly,car_new,10366,lt_100,ge_7y,2,male_single,none,4,savings_agreement_or_life_insurance,42,none,own,1,management_or_self_employed,1,yes,yes,0
0674,none,6,critical_or_other_credits,car_new,2080,500_to_1000,1_to_4y,1,male_married_widowed,none,2,car_or_other,24,none,own,1,skilled_employee,1,none,yes,0
0675,none,21,past_delays,business,2580,500_to_1000,lt_1y,4,male_single,none,2,real_estate,41,bank,own,1,unskilled_resident,2,none,yes,1
0676,none,30,critical_or_other_credits,radio_tv,4530,lt_100,4_to_7y,4,female_divorced_separated_married,none,4,car_or_other,26,none,rent,1,management_or_self_employed,1,yes,yes,0
0677,none,24,critical_or_other_credits,furniture_equipment,5150,lt_100,ge_7y,4,male_single,none,4,car_or_other,33,none,own,1,skilled_employee,1,yes,yes,0
0678,0_to_200,72,existing_paid_duly,radio_tv,5595,100_to_500,1_to_4y,2,male_married_widowed,none,2,car_or_other,24,none,own,1,skilled_employee,1,none,yes,1
0679,lt_0,24,existing_paid_duly,radio_tv,2384,lt_100,ge_7y,4,male_single,none,4,real_estate,64,bank,rent,1,unskilled_resident,1,none,yes,0
0680,none,18,existing_paid_duly,radio_tv,1453,lt_100,lt_1y,3,female_divorced_separated_married,none,1,real_estate,26,none,own,1,skilled_employee,1,none,yes,0
0681,none,6,existing_paid_duly,education,1538,lt_100,lt_1y,1,female_divorced_separated_married,none,2,unknown_or_none,56,none,own,1,skilled_employee,1,none,yes,0
0682,none,12,existing_paid_duly,radio_tv,2279,unknown_or_none,1_to_4y,4,male_single,none,4,unknown_or_none,37,none,for_free,1,skilled_employee,1,yes,yes,0
0683,none,15,past_delays,radio_tv,1478,lt_100,1_to_4y,4,male_married_widowed,none,3,real_estate,33,bank,own,2,skilled_employee,1,none,yes,0
0684,none,24,critical_or_other_credits,radio_tv,5103,lt_100,lt_1y,3,male_married_widowed,none,3,unknown_or_none,47,none,for_free,3,skilled_employee,1,yes,yes,0
0685,0_to_200,36,past_delays,business,9857,100_to_500,4_to_7y,1,male_single,none,3,savings_agreement_or_life_insurance,31,none,own,2,unskilled_resident,2,yes,yes,0
0686,none,60,existing_paid_duly,car_new,6527,unknown_or_none,1_to_4y,4,male_single,none,4,unknown_or_none,34,none,for_free,1,skilled_employee,2,yes,yes,0
0687,ge_200_or_salary,10,critical_or_other_credits,radio_tv,1347,unknown_or_none,4_to_7y,4,male_single,none,2,savings_agreement_or_life_insurance,27,none,own,2,skilled_employee,1,yes,yes,0
0688,0_to_200,36,past_delays,car_new,2862,100_to_500,ge_7y,4,male_single,none,3,unknown_or_none,30,none,for_free,1,skilled_employee,1,none,yes,0
0689,none,9,existing_paid_duly,radio_tv,2753,100_to_500,ge_7y,3,male_single,co_applicant,4,car_or_other,35,none,own,1,skilled_employee,1,yes,yes,0
0690,lt_0,12,existing_paid_duly,car_new,3651,ge_1000,1_to_4y,1,male_single,none,3,savings_agreement_or_life_insurance,31,none,own,1,skilled_employee,2,none,yes,0
0691,lt_0,15,critical_or_other_credits,furniture_equipment,975,lt_100,1_to_4y,2,male_divorced_separated,none,3,savings_agreement_or_life_insurance,25,none,own,2,skilled_employee,1,none,yes,0
0692,0_to_200,15,existing_paid_duly,repairs,2631,100_to_500,1_to_4y,3,female_divorced_separated_married,none,2,real_estate,25,none,own,1,unskilled_resident,1,none,yes,0
0693,0_to_200,24,existing_paid_duly,radio_tv,2896,100_to_500,lt_1y,2,male_single,none,1,car_or_other,29,none,own,1,skilled_employee,1,none,yes,0
0694,lt_0,6,critical_or_other_credits,car_new,4716,unknown_or_none,lt_1y,1,male_single,none,3,real_estate,44,none,own,2,unskilled_resident,2,none,yes,0
0695,none,24,existing_paid_duly,radio_tv,2284,lt_100,4_to_7y,4,male_single,none,2,car_or_other,28,none,own,1,skilled_employee,1,yes,yes,0
0696,none,6,existing_paid_duly,car_used,1236,500_to_1000,1_to_4y,2,male_single,none,4,savings_agreement_or_life_insurance,50,none,rent,1,skilled_employee,1,none,yes,0
0697,0_to_200,12,existing_paid_duly,radio_tv,1103,lt_100,4_to_7y,4,male_single,guarantor,3,real_estate,29,none,own,2,skilled_employee,1,none,no,0
0698,none,12,critical_or_other_credits,car_new,926,lt_100,unemployed,1,female_divorced_separated_married,none,2,savings_agreement_or_life_insurance,38,none,own,1,unemployed_unskilled_non_resident,1,none,yes,0
0699,none,18,critical_or_other_credits,radio_tv,1800,lt_100,1_to_4y,4,male_single,none,2,car_or_other,24,none,own,2,skilled_employee,1,none,yes,0
0700,ge_200_or_salary,15,existing_paid_duly,education,1905,lt_100,ge_7y,4,male_single,none,4,car_or_other,40,none,rent,1,management_or_self_employed,1,yes,yes,0
0701,none,12,existing_paid_duly,furniture_equipment,1123,500_to_1000,1_to_4y,4,female_divorced_separated_married,none,4,car_or_other,29,none,rent,1,unskilled_resident,1,none,yes,1
0702,lt_0,48,critical_or_other_credits,car_used,6331,lt_100,ge_7y,4,male_single,none,4,unknown_or_none,46,none,for_free,2,skilled_employee,1,yes,yes,1
0703,ge_200_or_salary,24,existing_paid_duly,radio_tv,1377,100_to_500,ge_7y,4,female_divorced_separated_married,none,2,unknown_or_none,47,none,for_free,1,skilled_employee,1,yes,yes,0
0704,0_to_200,30,past_delays,business,2503,100_to_500,ge_7y,4,male_single,none,2,savings_agreement_or_life_insurance,41,stores,own,2,skilled_employee,1,none,yes,0
0705,0_to_200,27,existing_paid_duly,business,2528,lt_100,lt_1y,4,female_divorced_separated_married,none,1,savings_agreement_or_life_insurance,32,none,own,1,skilled_employee,2,yes,yes,0
0706,none,15,existing_paid_duly,car_new,5324,500_to_1000,ge_7y,1,female_divorced_separated_married,none,4,unknown_or_none,35,none,for_free,1,skilled_employee,1,none,yes,0
0707,0_to_200,48,existing_paid_duly,car_new,6560,100_to_500,4_to_7y,3,male_single,none,2,savings_agreement_or_life_insurance,24,none,own,1,skilled_employee,1,none,yes,1
0708,0_to_200,12,no_credits_all_paid,furniture_equipment,2969,lt_100,lt_1y,4,female_divorced_separated_married,none,3,savings_agreement_or_life_insurance,25,none,rent,2,skilled_employee,1,none,yes,1
0709,0_to_200,9,existing_paid_duly,radio_tv,1206,lt_100,ge_7y,4,female_divorced_separated_married,none,4,real_estate,25,none,own,1,skilled_employee,1,none,yes,0
0710,0_to_200,9,existing_paid_duly,radio_tv,2118,lt_100,1_to_4y,2,male_single,none,2,real_estate,37,none,own,1,unskilled_resident,2,none,yes,0
0711,none,18,critical_or_other_credits,radio_tv,629,500_to_1000,ge_7y,4,male_single,none,3,savings_agreement_or_life_insurance,32,bank,own,2,management_or_self_employed,1,yes,yes,0
0712,lt_0,6,all_paid_this_bank,education,1198,lt_100,ge_7y,4,female_divorced_separated_married,none,4,unknown_or_none,35,none,for_free,1,skilled_employee,1,none,yes,1
0713,none,21,existing_paid_duly,car_used,2476,unknown_or_none,ge_7y,4,male_single,none,4,real_estate,46,none,own,1,management_or_self_employed,1,yes,yes,0
0714,lt_0,9,critical_or_other_credits,radio_tv,1138,lt_100,1_to_4y,4,male_single,none,4,real_estate,25,none,own,2,unskilled_resident,1,none,yes,0
0715,0_to_200,60,existing_paid_duly,car_new,14027,lt_100,4_to_7y,4,male_single,none,2,unknown_or_none,27,none,own,1,management_or_self_employed,1,yes,yes,1
0716,none,30,critical_or_other_credits,car_used,7596,unknown_or_none,ge_7y,1,male_single,none,4,car_or_other,63,none,own,2,skilled_employee,1,none,yes,0
0717,none,30,critical_or_other_credits,radio_tv,3077,unknown_or_none,ge_7y,3,male_single,none,2,car_or_other,40,none,own,2,skilled_employee,2,yes,yes,0
0718,none,18,existing_paid_duly,radio_tv,1505,lt_100,1_to_4y,4,male_single,none,2,unknown_or_none,32,none,for_free,1,management_or_self_employed,1,yes,yes,0
0719,ge_200_or_salary,24,critical_or_other_credits,radio_tv,3148,unknown_or_none,1_to_4y,3,male_single,none,2,car_or_other,31,none,own,2,skilled_employee,1,yes,yes,0
0720,0_to_200,20,no_credits_all_paid,car_used,6148,100_to_500,ge_7y,3,male_married_widowed,none,4,car_or_other,31,bank,own,2,skilled_employee,1,yes,yes,0
0721,ge_200_or_salary,9,no_credits_all_paid,radio_tv,1337,lt_100,lt_1y,4,male_single,none,2,car_or_other,34,none,own,2,management_or_self_employed,1,yes,yes,1
0722,0_to_200,6,all_paid_this_bank,education,433,ge_1000,lt_1y,4,female_divorced_separated_married,none,2,savings_agreement_or_life_insurance,24,bank,rent,1,skilled_employee,2,none,yes,1
0723,lt_0,12,existing_paid_duly,car_new,1228,lt_100,1_to_4y,4,female_divorced_separated_married,none,2,real_estate,24,none,own,1,unskilled_resident,1,none,yes,1
0724,0_to_200,9,existing_paid_duly,radio_tv,790,500_to_1000,1_to_4y,4,female_divorced_separated_married,none,3,real_estate,66,none,own,1,unskilled_resident,1,none,yes,0
0725,none,27,existing_paid_duly,car_new,2570,lt_100,1_to_4y,3,female_divorced_separated_married,none,3,real_estate,21,none,rent,1,skilled_employee,1,none,yes,1
0726,none,6,critical_or_other_credits,car_new,250,ge_1000,1_to_4y,2,female_divorced_separated_married,none,2,real_estate,41,bank,own,2,unskilled_resident,1,none,yes,0
0727,none,15,critical_or_other_credits,radio_tv,1316,500_to_1000,1_to_4y,2,male_married_widowed,none,2,savings_agreement_or_life_insurance,47,none,own,2,unskilled_resident,1,none,yes,0
0728,lt_0,18,existing_paid_duly,radio_tv,1882,lt_100,1_to_4y,4,female_divorced_separated_married,none,4,car_or_other,25,bank,rent,2,skilled_employee,1,none,yes,1
0729,0_to_200,48,all_paid_this_bank,business,6416,lt_100,ge_7y,4,female_divorced_separated_married,none,3,unknown_or_none,59,none,rent,1,skilled_employee,1,none,yes,1
0730,ge_200_or_salary,24,critical_or_other_credits,business,1275,ge_1000,1_to_4y,2,male_divorced_separated,none,4,real_estate,36,none,own,2,skilled_employee,1,yes,yes,0
0731,0_to_200,24,past_delays,radio_tv,6403,lt_100,lt_1y,1,male_single,none,2,car_or_other,33,none,own,1,skilled_employee,1,none,yes,0
0732,lt_0,24,existing_paid_duly,radio_tv,1987,lt_100,1_to_4y,2,male_single,none,4,real_estate,21,none,rent,1,unskilled_resident,2,none,yes,1
0733,0_to_200,8,existing_paid_duly,radio_tv,760,lt_100,4_to_7y,4,female_divorced_separated_married,guarantor,2,real_estate,44,none,own,1,unskilled_resident,1,none,yes,0
0734,none,24,existing_paid_duly,car_used,2603,ge_1000,1_to_4y,2,female_divorced_separated_married,none,4,car_or_other,28,none,rent,1,skilled_employee,1,yes,yes,0
0735,none,4,critical_or_other_credits,car_new,3380,lt_100,4_to_7y,1,female_divorced_separated_married,none,1,real_estate,37,none,own,1,skilled_employee,2,none,yes,0
0736,0_to_200,36,all_paid_this_bank,domestic_appliances,3990,unknown_or_none,lt_1y,3,female_divorced_separated_married,none,2,unknown_or_none,29,bank,own,1,unemployed_unskilled_non_resident,1,none,yes,0
0737,0_to_200,24,existing_paid_duly,car_used,11560,lt_100,1_to_4y,1,female_divorced_separated_married,none,4,car_or_other,23,none,rent,2,management_or_self_employed,1,none,yes,1
0738,lt_0,18,existing_paid_duly,car_new,4380,100_to_500,1_to_4y,3,male_single,none,4,car_or_other,35,none,own,1,unskilled_resident,2,yes,yes,0
0739,none,6,critical_or_other_credits,car_new,6761,lt_100,4_to_7y,1,male_single,none,3,unknown_or_none,45,none,own,2,management_or_self_employed,2,yes,yes,0
0740,0_to_200,30,no_credits_all_paid,business,4280,100_to_500,1_to_4y,4,female_divorced_separated_married,none,4,car_or_other,26,none,rent,2,unskilled_resident,1,none,yes,1
0741,lt_0,24,all_paid_this_bank,car_new,2325,100_to_500,4_to_7y,2,male_single,none,3,car_or_other,32,bank,own,1,skilled_employee,1,none,yes,0
0742,0_to_200,10,all_paid_this_bank,radio_tv,1048,lt_100,1_to_4y,4,male_single,none,4,real_estate,23,stores,own,1,unskilled_resident,1,none,yes,0
0743,none,21,existing_paid_duly,radio_tv,3160,unknown_or_none,ge_7y,4,male_single,none,3,savings_agreement_or_life_insurance,41,none,own,1,skilled_employee,1,yes,yes,0
0744,lt_0,24,all_paid_this_bank,furniture_equipment,2483,500_to_1000,1_to_4y,4,male_single,none,4,real_estate,22,stores,own,1,skilled_employee,1,yes,yes,0
0745,lt_0,39,critical_or_other_credits,furniture_equipment,14179,unknown_or_none,4_to_7y,4,male_single,none,4,savings_agreement_or_life_insurance,30,none,own,2,management_or_self_employed,1,yes,yes,0
0746,lt_0,13,critical_or_other_credits,business,1797,lt_100,lt_1y,3,male_single,none,1,savings_agreement_or_life_insurance,28,bank,own,2,unskilled_resident,1,none,yes,0
0747,lt_0,15,existing_paid_duly,car_new,2511,lt_100,unemployed,1,female_divorced_separated_married,none,4,car_or_other,23,none,rent,1,skilled_employee,1,none,yes,0
0748,lt_0,12,existing_paid_duly,car_new,1274,lt_100,lt_1y,3,female_divorced_separated_married,none,1,real_estate,37,none,own,1,unskilled_resident,1,none,yes,1
0749,none,21,existing_paid_duly,car_used,5248,unknown_or_none,1_to_4y,1,male_single,none,3,car_or_other,26,none,own,1,skilled_employee,1,none,yes,0
0750,none,15,existing_paid_duly,car_used,3029,lt_100,4_to_7y,2,male_single,none,2,car_or_other,33,none,own,1,skilled_employee,1,none,yes,0
0751,lt_0,6,existing_paid_duly,furniture_equipment,428,lt_100,ge_7y,2,female_divorced_separated_married,none,1,savings_agreement_or_life_insurance,49,bank,own,1,skilled_employee,1,yes,yes,0
0752,lt_0,18,existing_paid_duly,car_new,976,lt_100,lt_1y,1,female_divorced_separated_married,none,2,car_or_other,23,none,own,1,unskilled_resident,1,none,yes,1
0753,0_to_200,12,existing_paid_duly,business,841,100_to_500,4_to_7y,2,female_divorced_separated_married,none,4,real_estate,23,none,rent,1,unskilled_resident,1,none,yes,0
0754,none,30,critical_or_other_credits,radio_tv,5771,lt_100,4_to_7y,4,female_divorced_separated_married,none,2,car_or_other,25,none,own,2,skilled_employee,1,none,yes,0
0755,none,12,past_delays,repairs,1555,ge_1000,ge_7y,4,male_single,none,4,unknown_or_none,55,none,for_free,2,skilled_employee,2,none,yes,1
0756,lt_0,24,existing_paid_duly,car_new,1285,unknown_or_none,4_to_7y,4,female_divorced_separated_married,none,4,unknown_or_none,32,none,rent,1,skilled_employee,1,none,yes,1
0757,ge_200_or_salary,6,critical_or_other_credits,car_new,1299,lt_100,1_to_4y,1,male_single,none,1,real_estate,74,none,own,3,unemployed_unskilled_non_resident,2,none,no,0
0758,ge_200_or_salary,15,critical_or_other_credits,radio_tv,1271,unknown_or_none,1_to_4y,3,male_single,none,4,unknown_or_none,39,none,for_free,2,skilled_employee,1,yes,yes,1
0759,none,24,existing_paid_duly,car_new,1393,lt_100,1_to_4y,2,male_single,guarantor,2,real_estate,31,none,own,1,skilled_employee,1,yes,yes,0
0760,lt_0,12,critical_or_other_credits,car_new,691,lt_100,ge_7y,4,male_single,none,3,savings_agreement_or_life_insurance,35,none,own,2,skilled_employee,1,none,yes,1
0761,none,15,critical_or_other_credits,car_new,5045,unknown_or_none,ge_7y,1,female_divorced_separated_married,none,4,car_or_other,59,none,own,1,skilled_employee,1,yes,yes,0
0762,lt_0,18,critical_or_other_credits,furniture_equipment,2124,lt_100,1_to_4y,4,female_divorced_separated_married,none,4,real_estate,24,none,rent,2,skilled_employee,1,none,yes,1
0763,lt_0,12,existing_paid_duly,radio_tv,2214,lt_100,1_to_4y,4,male_single,none,3,savings_agreement_or_life_insurance,24,none,own,1,unskilled_resident,1,none,yes,0
0764,none,21,critical_or_other_credits,car_new,12680,unknown_or_none,ge_7y,4,male_single,none,4,unknown_or_none,30,none,for_free,1,management_or_self_employed,1,yes,yes,1
0765,none,24,critical_or_other_credits,car_new,2463,100_to_500,4_to_7y,4,male_married_widowed,none,3,savings_agreement_or_life_insurance,27,none,own,2,skilled_employee,1,yes,yes,0
0766,0_to_200,12,existing_paid_duly,radio_tv,1155,lt_100,ge_7y,3,male_married_widowed,guarantor,3,real_estate,40,bank,own,2,unskilled_resident,1,none,yes,0
0767,lt_0,30,existing_paid_duly,furniture_equipment,3108,lt_100,lt_1y,2,male_divorced_separated,none,4,savings_agreement_or_life_insurance,31,none,own,1,unskilled_resident,1,none,yes,1
0768,none,10,existing_paid_duly,car_used,2901,unknown_or_none,lt_1y,1,female_divorced_separated_married,none,4,real_estate,31,none,rent,1,skilled_employee,1,none,yes,0
0769,0_to_200,12,critical_or_other_credits,furniture_equipment,3617,lt_100,ge_7y,1,male_single,none,4,car_or_other,28,none,rent,3,skilled_employee,1,yes,yes,0
0770,none,12,critical_or_other_credits,radio_tv,1655,lt_100,ge_7y,2,male_single,none,4,real_estate,63,none,own,2,unskilled_resident,1,yes,yes,0
0771,lt_0,24,existing_paid_duly,car_used,2812,unknown_or_none,ge_7y,2,female_divorced_separated_married,none,4,real_estate,26,none,rent,1,skilled_employee,1,none,yes,0
0772,lt_0,36,critical_or_other_credits,education,8065,lt_100,1_to_4y,3,female_divorced_separated_married,none,2,unknown_or_none,25,none,own,2,management_or_self_employed,1,yes,yes,1
0773,none,21,critical_or_other_credits,car_used,3275,lt_100,ge_7y,1,male_single,none,4,car_or_other,36,none,own,1,management_or_self_employed,1,yes,yes,0
0774,none,24,critical_or_other_credits,radio_tv,2223,100_to_500,ge_7y,4,male_single,none,4,savings_agreement_or_life_insurance,52,bank,own,2,skilled_employee,1,none,yes,0
0775,ge_200_or_salary,12,critical_or_other_credits,car_new,1480,500_to_1000,unemployed,2,male_single,none,4,unknown_or_none,66,bank,for_free,3,unemployed_unskilled_non_resident,1,none,yes,0
0776,lt_0,24,existing_paid_duly,car_new,1371,unknown_or_none,1_to_4y,4,female_divorced_separated_married,none,4,real_estate,25,none,rent,1,skilled_employee,1,none,yes,1
0777,none,36,critical_or_other_credits,car_new,3535,lt_100,4_to_7y,4,male_single,none,4,car_or_other,37,none,own,2,skilled_employee,1,yes,yes,0
0778,lt_0,18,existing_paid_duly,radio_tv,3509,lt_100,4_to_7y,4,female_divorced_separated_married,guarantor,1,real_estate,25,none,own,1,skilled_employee,1,none,yes,0
0779,none,36,critical_or_other_credits,car_used,5711,ge_1000,ge_7y,4,male_single,none,2,car_or_other,38,none,own,2,management_or_self_employed,1,yes,yes,0
0780,0_to_200,18,existing_paid_duly,repairs,3872,lt_100,unemployed,2,female_divorced_separated_married,none,4,car_or_other,67,none,own,1,skilled_employee,1,yes,yes,0
0781,0_to_200,39,critical_or_other_credits,radio_tv,4933,lt_100,4_to_7y,2,male_single,guarantor,2,real_estate,25,none,own,2,skilled_employee,1,none,yes,1
0782,none,24,critical_or_other_credits,car_new,1940,ge_1000,ge_7y,4,male_single,none,4,real_estate,60,none,own,1,skilled_employee,1,yes,yes,0
0783,0_to_200,12,no_credits_all_paid,retraining,1410,lt_100,1_to_4y,2,male_single,none,2,real_estate,31,none,own,1,unskilled_resident,1,yes,yes,0
0784,0_to_200,12,existing_paid_duly,car_new,836,100_to_500,lt_1y,4,female_divorced_separated_married,none,2,savings_agreement_or_life_insurance,23,bank,own,1,unskilled_resident,1,none,yes,1
0785,0_to_200,20,existing_paid_duly,car_used,6468,unknown_or_none,unemployed,1,male_divorced_separated,none,4,real_estate,60,none,own,1,management_or_self_employed,1,yes,yes,0
0786,0_to_200,18,existing_paid_duly,business,1941,ge_1000,1_to_4y,4,male_single,none,2,savings_agreement_or_life_insurance,35,none,own,1,unskilled_resident,1,yes,yes,0
0787,none,22,existing_paid_duly,radio_tv,2675,500_to_1000,ge_7y,3,male_single,none,4,car_or_other,40,none,own,1,skilled_employee,1,none,yes,0
0788,none,48,critical_or_other_credits,car_used,2751,unknown_or_none,ge_7y,4,male_single,none,3,car_or_other,38,none,own,2,skilled_employee,2,yes,yes,0
0789,0_to_200,48,past_delays,education,6224,lt_100,ge_7y,4,male_single,none,4,unknown_or_none,50,none,for_free,1,skilled_employee,1,none,yes,1
0790,lt_0,40,critical_or_other_credits,education,5998,lt_100,1_to_4y,4,male_single,none,3,unknown_or_none,27,bank,own,1,skilled_employee,1,yes,yes,1
0791,0_to_200,21,existing_paid_duly,business,1188,lt_100,ge_7y,2,female_divorced_separated_married,none,4,savings_agreement_or_life_insurance,39,none,own,1,skilled_employee,2,none,yes,1
0792,none,24,existing_paid_duly,car_used,6313,unknown_or_none,ge_7y,3,male_single,none,4,car_or_other,41,none,own,1,management_or_self_employed,2,yes,yes,0
0793,none,6,critical_or_other_credits,furniture_equipment,1221,unknown_or_none,1_to_4y,1,male_married_widowed,none,2,savings_agreement_or_life_insurance,27,none,own,2,skilled_employee,1,none,yes,0
0794,ge_200_or_salary,24,existing_paid_duly,furniture_equipment,2892,lt_100,ge_7y,3,male_divorced_separated,none,4,unknown_or_none,51,none,for_free,1,skilled_employee,1,none,yes,0
0795,none,24,existing_paid_duly,furniture_equipment,3062,500_to_1000,ge_7y,4,male_single,none,3,unknown_or_none,32,none,rent,1,skilled_employee,1,yes,yes,0
0796,none,9,existing_paid_duly,furniture_equipment,2301,100_to_500,lt_1y,2,female_divorced_separated_married,none,4,savings_agreement_or_life_insurance,22,none,rent,1,skilled_employee,1,none,yes,0
0797,lt_0,18,existing_paid_duly,car_used,7511,unknown_or_none,ge_7y,1,male_single,none,4,savings_agreement_or_life_insurance,51,none,for_free,1,skilled_employee,2,yes,yes,1
0798,none,12,critical_or_other_credits,furniture_equipment,1258,lt_100,lt_1y,2,female_divorced_separated_married,none,4,savings_agreement_or_life_insurance,22,none,rent,2,unskilled_resident,1,none,yes,0
0799,none,24,past_delays,car_new,717,unknown_or_none,ge_7y,4,male_married_widowed,none,4,car_or_other,54,none,own,2,skilled_employee,1,yes,yes,0
0800,0_to_200,9,existing_paid_duly,car_new,1549,unknown_or_none,lt_1y,4,male_single,none,2,real_estate,35,none,own,1,unemployed_unskilled_non_resident,1,none,yes,0
0801,none,24,critical_or_other_credits,education,1597,lt_100,ge_7y,4,male_single,none,4,unknown_or_none,54,none,for_free,2,skilled_employee,2,none,yes,0
0802,0_to_200,18,critical_or_other_credits,radio_tv,1795,lt_100,ge_7y,3,female_divorced_separated_married,guarantor,4,real_estate,48,bank,rent,2,unskilled_resident,1,yes,yes,0
0803,lt_0,20,critical_or_other_credits,furniture_equipment,4272,lt_100,ge_7y,1,female_divorced_separated_married,none,4,savings_agreement_or_life_insurance,24,none,own,2,skilled_employee,1,none,yes,0
0804,none,12,critical_or_other_credits,radio_tv,976,unknown_or_none,ge_7y,4,male_single,none,4,car_or_other,35,none,own,2,skilled_employee,1,none,yes,0
0805,0_to_200,12,existing_paid_duly,car_new,7472,unknown_or_none,unemployed,1,female_divorced_separated_married,none,2,real_estate,24,none,rent,1,unemployed_unskilled_non_resident,1,none,yes,0
0806,lt_0,36,existing_paid_duly,car_new,9271,lt_100,4_to_7y,2,male_single,none,1,car_or_other,24,none,own,1,skilled_employee,1,yes,yes,1
0807,0_to_200,6,existing_paid_duly,radio_tv,590,lt_100,lt_1y,3,male_married_widowed,none,3,real_estate,26,none,own,1,unskilled_resident,1,none,no,0
0808,none,12,critical_or_other_credits,radio_tv,930,unknown_or_none,ge_7y,4,male_single,none,4,real_estate,65,none,own,4,skilled_employee,1,none,yes,0
0809,0_to_200,42,all_paid_this_bank,car_used,9283,lt_100,unemployed,1,male_single,none,2,unknown_or_none,55,bank,for_free,1,management_or_self_employed,1,yes,yes,0
0810,0_to_200,15,no_credits_all_paid,car_new,1778,lt_100,lt_1y,2,female_divorced_separated_married,none,1,real_estate,26,none,rent,2,unemployed_unskilled_non_resident,1,none,yes,1
0811,0_to_200,8,existing_paid_duly,business,907,lt_100,lt_1y,3,male_married_widowed,none,2,real_estate,26,none,own,1,skilled_employee,1,yes,yes,0
0812,0_to_200,6,existing_paid_duly,radio_tv,484,lt_100,4_to_7y,3,male_married_widowed,guarantor,3,real_estate,28,bank,own,1,unskilled_resident,1,none,yes,0
0813,lt_0,36,critical_or_other_credits,car_used,9629,lt_100,4_to_7y,4,male_single,none,4,car_or_other,24,none,own,2,skilled_employee,1,yes,yes,1
0814,lt_0,48,existing_paid_duly,domestic_appliances,3051,lt_100,1_to_4y,3,male_single,none,4,car_or_other,54,none,own,1,skilled_employee,1,none,yes,1
0815,lt_0,48,existing_paid_duly,car_new,3931,lt_100,4_to_7y,4,male_single,none,4,unknown_or_none,46,none,for_free,1,skilled_employee,2,none,yes,1
0816,0_to_200,36,past_delays,car_new,7432,lt_100,1_to_4y,2,female_divorced_separated_married,none,2,savings_agreement_or_life_insurance,54,none,rent,1,skilled_employee,1,none,yes,0
0817,none,6,existing_paid_duly,domestic_appliances,1338,500_to_1000,1_to_4y,1,male_divorced_separated,none,4,real_estate,62,none,own,1,skilled_employee,1,none,yes,0
0818,none,6,critical_or_other_credits,radio_tv,1554,lt_100,4_to_7y,1,female_divorced_separated_married,none,2,car_or_other,24,none,rent,2,skilled_employee,1,yes,yes,0
0819,lt_0,36,existing_paid_duly,other,15857,lt_100,unemployed,2,male_divorced_separated,co_applicant,3,car_or_other,43,none,own,1,management_or_self_employed,1,none,yes,0
0820,lt_0,18,existing_paid_duly,radio_tv,1345,lt_100,1_to_4y,4,male_married_widowed,none,3,real_estate,26,bank,own,1,skilled_employee,1,none,yes,1
0821,none,12,existing_paid_duly,car_new,1101,lt_100,1_to_4y,3,male_married_widowed,none,2,real_estate,27,none,own,2,skilled_employee,1,yes,yes,0
0822,ge_200_or_salary,12,existing_paid_duly,radio_tv,3016,lt_100,1_to_4y,3,male_married_widowed,none,1,car_or_other,24,none,own,1,skilled_employee,1,none,yes,0
0823,lt_0,36,existing_paid_duly,furniture_equipment,2712,lt_100,ge_7y,2,male_single,none,2,savings_agreement_or_life_insurance,41,bank,own,1,skilled_employee,2,none,yes,1
0824,lt_0,8,critical_or_other_credits,car_new,731,lt_100,ge_7y,4,male_single,none,4,real_estate,47,none,own,2,unskilled_resident,1,none,yes,0
0825,none,18,critical_or_other_credits,furniture_equipment,3780,lt_100,lt_1y,3,male_divorced_separated,none,2,car_or_other,35,none,own,2,management_or_self_employed,1,yes,yes,0
0826,lt_0,21,critical_or_other_credits,car_new,1602,lt_100,ge_7y,4,male_married_widowed,none,3,car_or_other,30,none,own,2,skilled_employee,1,yes,yes,0
0827,lt_0,18,critical_or_other_credits,car_new,3966,lt_100,ge_7y,1,female_divorced_separated_married,none,4,real_estate,33,bank,rent,3,skilled_employee,1,yes,yes,1
0828,none,18,no_credits_all_paid,business,4165,lt_100,1_to_4y,2,male_single,none,2,car_or_other,36,stores,own,2,skilled_employee,2,none,yes,1
0829,lt_0,36,existing_paid_duly,car_used,8335,unknown_or_none,ge_7y,3,male_single,none,4,unknown_or_none,47,none,for_free,1,skilled_employee,1,none,yes,1
0830,0_to_200,48,past_delays,business,6681,unknown_or_none,1_to_4y,4,male_single,none,4,unknown_or_none,38,none,for_free,1,skilled_employee,2,yes,yes,0
0831,none,24,past_delays,business,2375,500_to_1000,1_to_4y,4,male_single,none,2,car_or_other,44,none,own,2,skilled_employee,2,yes,yes,0
0832,lt_0,18,existing_paid_duly,car_new,1216,lt_100,lt_1y,4,female_divorced_separated_married,none,3,car_or_other,23,none,rent,1,skilled_employee,1,yes,yes,1
0833,lt_0,45,no_credits_all_paid,business,11816,lt_100,ge_7y,2,male_single,none,4,car_or_other,29,none,rent,2,skilled_employee,1,none,yes,1
0834,0_to_200,24,existing_paid_duly,radio_tv,5084,unknown_or_none,ge_7y,2,female_divorced_separated_married,none,4,car_or_other,42,none,own,1,skilled_employee,1,yes,yes,0
0835,ge_200_or_salary,15,existing_paid_duly,radio_tv,2327,lt_100,lt_1y,2,female_divorced_separated_married,none,3,real_estate,25,none,own,1,unskilled_resident,1,none,yes,1
0836,lt_0,12,no_credits_all_paid,car_new,1082,lt_100,1_to_4y,4,male_single,none,4,car_or_other,48,bank,own,2,skilled_employee,1,none,yes,1
0837,none,12,existing_paid_duly,radio_tv,886,unknown_or_none,1_to_4y,4,female_divorced_separated_married,none,2,car_or_other,21,none,own,1,skilled_employee,1,none,yes,0
0838,none,4,existing_paid_duly,furniture_equipment,601,lt_100,lt_1y,1,female_divorced_separated_married,none,3,real_estate,23,none,rent,1,unskilled_resident,2,none,yes,0
0839,lt_0,24,critical_or_other_credits,car_used,2957,lt_100,ge_7y,4,male_single,none,4,savings_agreement_or_life_insurance,63,none,own,2,skilled_employee,1,yes,yes,0
0840,none,24,critical_or_other_credits,radio_tv,2611,lt_100,ge_7y,4,male_married_widowed,co_applicant,3,real_estate,46,none,own,2,skilled_employee,1,none,yes,0
0841,lt_0,36,existing_paid_duly,furniture_equipment,5179,lt_100,4_to_7y,4,male_single,none,2,savings_agreement_or_life_insurance,29,none,own,1,skilled_employee,1,none,yes,1
0842,none,21,past_delays,car_used,2993,lt_100,1_to_4y,3,male_single,none,2,real_estate,28,stores,own,2,unskilled_resident,1,none,yes,0
0843,none,18,existing_paid_duly,repairs,1943,lt_100,lt_1y,4,female_divorced_separated_married,none,4,real_estate,23,none,own,1,skilled_employee,1,none,yes,1
0844,none,24,all_paid_this_bank,business,1559,lt_100,4_to_7y,4,male_single,none,4,car_or_other,50,bank,own,1,skilled_employee,1,yes,yes,0
0845,none,18,existing_paid_duly,furniture_equipment,3422,lt_100,ge_7y,4,male_single,none,4,savings_agreement_or_life_insurance,47,bank,own,3,skilled_employee,2,yes,yes,0
0846,0_to_200,21,existing_paid_duly,furniture_equipment,3976,unknown_or_none,4_to_7y,2,male_single,none,3,car_or_other,35,none,own,1,skilled_employee,1,yes,yes,0
0847,none,18,existing_paid_duly,car_new,6761,unknown_or_none,1_to_4y,2,male_single,none,4,car_or_other,68,none,rent,2,skilled_employee,1,none,yes,1
0848,none,24,existing_paid_duly,car_new,1249,lt_100,lt_1y,4,male_married_widowed,none,2,real_estate,28,none,own,1,skilled_employee,1,none,yes,0
0849,lt_0,9,existing_paid_duly,radio_tv,1364,lt_100,4_to_7y,3,male_single,none,4,real_estate,59,none,own,1,skilled_employee,1,none,yes,0
0850,lt_0,12,existing_paid_duly,radio_tv,709,lt_100,ge_7y,4,male_single,none,4,real_estate,57,stores,own,1,unskilled_resident,1,none,yes,1
0851,lt_0,20,critical_or_other_credits,car_new,2235,lt_100,1_to_4y,4,male_married_widowed,guarantor,2,savings_agreement_or_life_insurance,33,bank,rent,2,skilled_employee,1,none,no,1
0852,none,24,critical_or_other_credits,car_used,4042,unknown_or_none,4_to_7y,3,male_single,none,4,savings_agreement_or_life_insurance,43,none,own,2,skilled_employee,1,yes,yes,0
0853,none,15,critical_or_other_credits,radio_tv,1471,lt_100,1_to_4y,4,male_single,none,4,unknown_or_none,35,none,for_free,2,skilled_employee,1,yes,yes,0
0854,lt_0,18,all_paid_this_bank,car_new,1442,lt_100,4_to_7y,4,male_single,none,4,unknown_or_none,32,none,for_free,2,unskilled_resident,2,none,yes,1
0855,none,36,past_delays,car_new,10875,lt_100,ge_7y,2,male_single,none,2,car_or_other,45,none,own,2,skilled_employee,2,yes,yes,0
0856,none,24,existing_paid_duly,car_new,1474,100_to_500,lt_1y,4,male_married_widowed,none,3,real_estate,33,none,own,1,skilled_employee,1,yes,yes,0
0857,none,10,existing_paid_duly,retraining,894,unknown_or_none,4_to_7y,4,female_divorced_separated_married,none,3,savings_agreement_or_life_insurance,40,none,own,1,skilled_employee,1,yes,yes,0
0858,none,15,critical_or_other_credits,furniture_equipment,3343,lt_100,1_to_4y,4,male_single,none,2,unknown_or_none,28,none,for_free,1,skilled_employee,1,yes,yes,0
0859,lt_0,15,existing_paid_duly,car_new,3959,lt_100,1_to_4y,3,female_divorced_separated_married,none,2,savings_agreement_or_life_insurance,29,none,own,1,skilled_employee,1,yes,yes,1
0860,none,9,existing_paid_duly,car_new,3577,100_to_500,1_to_4y,1,male_single,guarantor,2,real_estate,26,none,rent,1,skilled_employee,2,none,no,0
0861,none,24,critical_or_other_credits,car_used,5804,ge_1000,1_to_4y,4,male_single,none,2,real_estate,27,none,own,2,skilled_employee,1,none,yes,0
0862,none,18,past_delays,business,2169,lt_100,1_to_4y,4,male_married_widowed,none,2,car_or_other,28,none,own,1,skilled_employee,1,yes,yes,1
0863,lt_0,24,existing_paid_duly,radio_tv,2439,lt_100,lt_1y,4,female_divorced_separated_married,none,4,real_estate,35,none,own,1,skilled_employee,1,yes,yes,1
0864,none,27,critical_or_other_credits,furniture_equipment,4526,ge_1000,lt_1y,4,male_single,none,2,real_estate,32,stores,own,2,unskilled_resident,2,yes,yes,0
0865,none,10,existing_paid_duly,furniture_equipment,2210,lt_100,1_to_4y,2,male_single,none,2,real_estate,25,bank,rent,1,unskilled_resident,1,none,yes,1
0866,none,15,existing_paid_duly,furniture_equipment,2221,500_to_1000,1_to_4y,2,female_divorced_separated_married,none,4,car_or_other,20,none,rent,1,skilled_employee,1,none,yes,0
0867,lt_0,18,existing_paid_duly,radio_tv,2389,lt_100,lt_1y,4,female_divorced_separated_married,none,1,car_or_other,27,stores,own,1,skilled_employee,1,none,yes,0
0868,none,12,critical_or_other_credits,furniture_equipment,3331,lt_100,ge_7y,2,male_single,none,4,savings_agreement_or_life_insurance,42,stores,own,1,skilled_employee,1,none,yes,0
0869,none,36,existing_paid_duly,business,7409,unknown_or_none,ge_7y,3,male_single,none,2,savings_agreement_or_life_insurance,37,none,own,2,skilled_employee,1,none,yes,0
0870,lt_0,12,existing_paid_duly,furniture_equipment,652,lt_100,ge_7y,4,female_divorced_separated_married,none,4,savings_agreement_or_life_insurance,24,none,rent,1,skilled_employee,1,none,yes,0
0871,none,36,past_delays,furniture_equipment,7678,500_to_1000,4_to_7y,2,female_divorced_separated_married,none,4,car_or_other,40,none,own,2,skilled_employee,1,yes,yes,0
0872,ge_200_or_salary,6,critical_or_other_credits,car_new,1343,lt_100,ge_7y,1,male_single,none,4,real_estate,46,none,own,2,skilled_employee,2,none,no,0
0873,lt_0,24,critical_or_other_credits,business,1382,100_to_500,4_to_7y,4,male_single,none,1,real_estate,26,none,own,2,skilled_employee,1,yes,yes,0
0874,none,15,existing_paid_duly,domestic_appliances,874,unknown_or_none,lt_1y,4,female_divorced_separated_married,none,1,real_estate,24,none,own,1,skilled_employee,1,none,yes,0
0875,lt_0,12,existing_paid_duly,furniture_equipment,3590,lt_100,1_to_4y,2,male_single,co_applicant,2,savings_agreement_or_life_insurance,29,none,own,1,unskilled_resident,2,none,yes,0
0876,0_to_200,11,critical_or_other_credits,car_new,1322,ge_1000,1_to_4y,4,female_divorced_separated_married,none,4,car_or_other,40,none,own,2,skilled_employee,1,none,yes,0
0877,lt_0,18,all_paid_this_bank,radio_tv,1940,lt_100,lt_1y,3,male_single,co_applicant,4,unknown_or_none,36,bank,for_free,1,management_or_self_employed,1,yes,yes,0
0878,none,36,existing_paid_duly,radio_tv,3595,lt_100,ge_7y,4,male_single,none,2,car_or_other,28,none,own,1,skilled_employee,1,none,yes,0
0879,lt_0,9,existing_paid_duly,car_new,1422,lt_100,lt_1y,3,male_single,none,2,unknown_or_none,27,none,for_free,1,management_or_self_employed,1,yes,yes,1
0880,none,30,critical_or_other_credits,radio_tv,6742,unknown_or_none,4_to_7y,2,male_single,none,3,savings_agreement_or_life_insurance,36,none,own,2,skilled_employee,1,none,yes,0
0881,none,24,existing_paid_duly,car_used,7814,lt_100,4_to_7y,3,male_single,none,3,car_or_other,38,none,own,1,management_or_self_employed,1,yes,yes,0
0882,none,24,existing_paid_duly,car_used,9277,unknown_or_none,1_to_4y,2,male_divorced_separated,none,4,unknown_or_none,48,none,for_free,1,skilled_employee,1,yes,yes,0
0883,0_to_200,30,critical_or_other_credits,car_new,2181,unknown_or_none,ge_7y,4,male_single,none,4,real_estate,36,none,own,2,skilled_employee,1,none,yes,0
0884,none,18,critical_or_other_credits,radio_tv,1098,lt_100,unemployed,4,female_divorced_separated_married,none,4,car_or_other,65,none,own,2,unemployed_unskilled_non_resident,1,none,yes,0
0885,0_to_200,24,existing_paid_duly,furniture_equipment,4057,lt_100,4_to_7y,3,male_divorced_separated,none,3,car_or_other,43,none,own,1,skilled_employee,1,yes,yes,1
0886,lt_0,12,existing_paid_duly,education,795,lt_100,lt_1y,4,female_divorced_separated_married,none,4,savings_agreement_or_life_insurance,53,none,own,1,skilled_employee,1,none,yes,1
0887,0_to_200,24,critical_or_other_credits,business,2825,unknown_or_none,4_to_7y,4,male_single,none,3,unknown_or_none,34,none,own,2,skilled_employee,2,yes,yes,0
0888,0_to_200,48,existing_paid_duly,business,15672,lt_100,1_to_4y,2,male_single,none,2,car_or_other,23,none,own,1,skilled_employee,1,yes,yes,1
0889,none,36,critical_or_other_credits,car_new,6614,lt_100,ge_7y,4,male_single,none,4,car_or_other,34,none,own,2,management_or_self_employed,1,yes,yes,0
0890,none,28,all_paid_this_bank,car_used,7824,unknown_or_none,lt_1y,3,male_single,guarantor,4,real_estate,40,bank,rent,2,skilled_employee,2,yes,yes,0
0891,lt_0,27,critical_or_other_credits,business,2442,lt_100,ge_7y,4,male_single,none,4,car_or_other,43,stores,own,4,management_or_self_employed,2,yes,yes,0
0892,none,15,critical_or_other_credits,radio_tv,1829,lt_100,ge_7y,4,male_single,none,4,car_or_other,46,none,own,2,skilled_employee,1,yes,yes,0
0893,lt_0,12,critical_or_other_credits,car_new,2171,lt_100,1_to_4y,4,male_single,none,4,savings_agreement_or_life_insurance,38,bank,own,2,unskilled_resident,1,none,no,0
0894,0_to_200,36,critical_or_other_credits,car_used,5800,lt_100,1_to_4y,3,male_single,none,4,car_or_other,34,none,own,2,skilled_employee,1,yes,yes,0
0895,none,18,critical_or_other_credits,radio_tv,1169,unknown_or_none,1_to_4y,4,male_single,none,3,savings_agreement_or_life_insurance,29,none,own,2,skilled_employee,1,yes,yes,0
0896,none,36,past_delays,car_used,8947,unknown_or_none,4_to_7y,3,male_single,none,2,car_or_other,31,stores,own,1,management_or_self_employed,2,yes,yes,0
0897,lt_0,21,existing_paid_duly,radio_tv,2606,lt_100,lt_1y,4,female_divorced_separated_married,none,4,savings_agreement_or_life_insurance,28,none,rent,1,management_or_self_employed,1,yes,yes,0
0898,none,12,critical_or_other_credits,furniture_equipment,1592,ge_1000,4_to_7y,3,female_divorced_separated_married,none,2,savings_agreement_or_life_insurance,35,none,own,1,skilled_employee,1,none,no,0
0899,none,15,existing_paid_duly,furniture_equipment,2186,unknown_or_none,4_to_7y,1,female_divorced_separated_married,none,4,real_estate,33,bank,rent,1,unskilled_resident,1,none,yes,0
0900,lt_0,18,existing_paid_duly,furniture_equipment,4153,lt_100,1_to_4y,2,male_single,co_applicant,3,car_or_other,42,none,own,1,skilled_employee,1,none,yes,1
0901,lt_0,16,critical_or_other_credits,car_new,2625,lt_100,ge_7y,2,male_single,guarantor,4,savings_agreement_or_life_insurance,43,bank,rent,1,skilled_employee,1,yes,yes,1
0902,none,20,critical_or_other_credits,car_new,3485,unknown_or_none,lt_1y,2,male_divorced_separated,none,4,real_estate,44,none,own,2,skilled_employee,1,yes,yes,0
0903,none,36,critical_or_other_credits,car_used,10477,unknown_or_none,ge_7y,2,male_single,none,4,unknown_or_none,42,none,for_free,2,skilled_employee,1,none,yes,0
0904,none,15,existing_paid_duly,radio_tv,1386,unknown_or_none,1_to_4y,4,male_married_widowed,none,2,real_estate,40,none,rent,1,skilled_employee,1,yes,yes,0
0905,none,24,existing_paid_duly,radio_tv,1278,lt_100,ge_7y,4,male_single,none,1,real_estate,36,none,own,1,management_or_self_employed,1,yes,yes,0
0906,lt_0,12,existing_paid_duly,radio_tv,1107,lt_100,1_to_4y,2,male_single,none,2,real_estate,20,none,rent,1,management_or_self_employed,2,yes,yes,0
0907,lt_0,21,existing_paid_duly,car_new,3763,unknown_or_none,4_to_7y,2,male_single,co_applicant,2,real_estate,24,none,own,1,unskilled_resident,1,none,no,0
0908,0_to_200,36,existing_paid_duly,education,3711,unknown_or_none,1_to_4y,2,male_married_widowed,none,2,car_or_other,27,none,own,1,skilled_employee,1,none,yes,0
0909,none,15,past_delays,car_used,3594,lt_100,lt_1y,1,female_divorced_separated_married,none,2,savings_agreement_or_life_insurance,46,none,own,2,unskilled_resident,1,none,yes,0
0910,0_to_200,9,existing_paid_duly,car_new,3195,unknown_or_none,1_to_4y,1,female_divorced_separated_married,none,2,real_estate,33,none,own,1,unskilled_resident,1,none,yes,0
0911,none,36,past_delays,radio_tv,4454,lt_100,1_to_4y,4,female_divorced_separated_married,none,4,real_estate,34,none,own,2,skilled_employee,1,none,yes,0
0912,0_to_200,24,critical_or_other_credits,furniture_equipment,4736,lt_100,lt_1y,2,female_divorced_separated_married,none,4,car_or_other,25,bank,own,1,unskilled_resident,1,none,yes,1
0913,0_to_200,30,existing_paid_duly,radio_tv,2991,unknown_or_none,ge_7y,2,female_divorced_separated_married,none,4,car_or_other,25,none,own,1,skilled_employee,1,none,yes,0
0914,none,11,existing_paid_duly,business,2142,ge_1000,ge_7y,1,male_divorced_separated,none,2,real_estate,28,none,own,1,skilled_employee,1,yes,yes,0
0915,lt_0,24,all_paid_this_bank,business,3161,lt_100,1_to_4y,4,male_single,none,2,savings_agreement_or_life_insurance,31,none,rent,1,skilled_employee,1,yes,yes,1
0916,0_to_200,48,no_credits_all_paid,other,18424,lt_100,1_to_4y,1,female_divorced_separated_married,none,2,savings_agreement_or_life_insurance,32,bank,own,1,management_or_self_employed,1,yes,no,1
0917,none,10,existing_paid_duly,car_used,2848,100_to_500,1_to_4y,1,male_single,co_applicant,2,real_estate,32,none,own,1,skilled_employee,2,none,yes,0
0918,lt_0,6,existing_paid_duly,car_new,14896,lt_100,ge_7y,1,male_single,none,4,unknown_or_none,68,bank,own,1,management_or_self_employed,1,yes,yes,1
0919,lt_0,24,existing_paid_duly,furniture_equipment,2359,100_to_500,unemployed,1,male_divorced_separated,none,1,savings_agreement_or_life_insurance,33,none,own,1,skilled_employee,1,none,yes,1
0920,lt_0,24,existing_paid_duly,furniture_equipment,3345,lt_100,ge_7y,4,male_single,none,2,savings_agreement_or_life_insurance,39,none,rent,1,management_or_self_employed,1,yes,yes,1
0921,none,18,critical_or_other_credits,furniture_equipment,1817,lt_100,1_to_4y,4,female_divorced_separated_married,none,2,unknown_or_none,28,none,own,2,skilled_employee,1,none,yes,0
0922,none,48,past_delays,radio_tv,12749,500_to_1000,4_to_7y,4,male_single,none,1,car_or_other,37,none,own,1,management_or_self_employed,1,yes,yes,0
0923,lt_0,9,existing_paid_duly,radio_tv,1366,lt_100,lt_1y,3,female_divorced_separated_married,none,4,savings_agreement_or_life_insurance,22,none,rent,1,skilled_employee,1,none,yes,1
0924,0_to_200,12,existing_paid_duly,car_new,2002,lt_100,4_to_7y,3,male_single,none,4,savings_agreement_or_life_insurance,30,none,rent,1,skilled_employee,2,yes,yes,0
0925,lt_0,24,all_paid_this_bank,furniture_equipment,6872,lt_100,lt_1y,2,male_divorced_separated,none,1,savings_agreement_or_life_insurance,55,bank,own,1,skilled_employee,1,yes,yes,1
0926,lt_0,12,all_paid_this_bank,car_new,697,lt_100,lt_1y,4,male_single,none,2,car_or_other,46,bank,own,2,skilled_employee,1,yes,yes,1
0927,lt_0,18,critical_or_other_credits,furniture_equipment,1049,lt_100,lt_1y,4,female_divorced_separated_married,none,4,savings_agreement_or_life_insurance,21,none,rent,1,skilled_employee,1,none,yes,0
0928,lt_0,48,existing_paid_duly,car_used,10297,lt_100,4_to_7y,4,male_single,none,4,unknown_or_none,39,stores,for_free,3,skilled_employee,2,yes,yes,1
0929,none,30,existing_paid_duly,radio_tv,1867,unknown_or_none,ge_7y,4,male_single,none,4,car_or_other,58,none,own,1,skilled_employee,1,yes,yes,0
0930,lt_0,12,past_delays,car_new,1344,lt_100,1_to_4y,4,male_single,none,2,real_estate,43,none,own,2,unskilled_resident,2,none,yes,0
0931,lt_0,24,existing_paid_duly,furniture_equipment,1747,lt_100,lt_1y,4,male_single,co_applicant,1,savings_agreement_or_life_insurance,24,none,own,1,unskilled_resident,1,none,no,0
0932,0_to_200,9,existing_paid_duly,radio_tv,1670,lt_100,lt_1y,4,female_divorced_separated_married,none,2,car_or_other,22,none,own,1,skilled_employee,1,yes,yes,1
0933,none,9,critical_or_other_credits,car_new,1224,lt_100,1_to_4y,3,male_single,none,1,real_estate,30,none,own,2,skilled_employee,1,none,yes,0
0934,none,12,critical_or_other_credits,radio_tv,522,500_to_1000,ge_7y,4,male_single,none,4,savings_agreement_or_life_insurance,42,none,own,2,skilled_employee,2,yes,yes,0
0935,lt_0,12,existing_paid_duly,radio_tv,1498,lt_100,1_to_4y,4,female_divorced_separated_married,none,1,car_or_other,23,bank,own,1,skilled_employee,1,none,yes,0
0936,0_to_200,30,past_delays,radio_tv,1919,100_to_500,lt_1y,4,male_single,none,3,unknown_or_none,30,stores,own,2,management_or_self_employed,1,none,yes,1
0937,ge_200_or_salary,9,existing_paid_duly,radio_tv,745,lt_100,1_to_4y,3,female_divorced_separated_married,none,2,real_estate,28,none,own,1,unskilled_resident,1,none,yes,1
0938,0_to_200,6,existing_paid_duly,radio_tv,2063,lt_100,lt_1y,4,male_married_widowed,none,3,car_or_other,30,none,rent,1,management_or_self_employed,1,yes,yes,0
0939,0_to_200,60,existing_paid_duly,education,6288,lt_100,1_to_4y,4,male_single,none,4,unknown_or_none,42,none,for_free,1,skilled_employee,1,none,yes,1
0940,none,24,critical_or_other_credits,car_used,6842,unknown_or_none,1_to_4y,2,male_single,none,4,savings_agreement_or_life_insurance,46,none,own,2,management_or_self_employed,2,yes,yes,0
0941,none,12,existing_paid_duly,car_new,3527,unknown_or_none,lt_1y,2,male_single,none,3,savings_agreement_or_life_insurance,45,none,own,1,management_or_self_employed,2,yes,yes,0
0942,none,10,existing_paid_duly,car_new,1546,lt_100,1_to_4y,3,male_single,none,2,real_estate,31,none,own,1,unskilled_resident,2,none,no,0
0943,none,24,existing_paid_duly,furniture_equipment,929,unknown_or_none,4_to_7y,4,male_single,none,2,car_or_other,31,stores,own,1,skilled_employee,1,yes,yes,0
0944,none,4,critical_or_other_credits,car_new,1455,lt_100,4_to_7y,2,male_single,none,1,real_estate,42,none,own,3,unskilled_resident,2,none,yes,0
0945,lt_0,15,existing_paid_duly,furniture_equipment,1845,lt_100,lt_1y,4,female_divorced_separated_married,guarantor,1,savings_agreement_or_life_insurance,46,none,rent,1,skilled_employee,1,none,yes,0
0946,0_to_200,48,no_credits_all_paid,car_new,8358,500_to_1000,lt_1y,1,female_divorced_separated_married,none,1,car_or_other,30,none,own,2,skilled_employee,1,none,yes,0
0947,lt_0,24,all_paid_this_bank,furniture_equipment,3349,500_to_1000,lt_1y,4,male_single,none,4,unknown_or_none,30,none,for_free,1,skilled_employee,2,yes,yes,1
0948,none,12,existing_paid_duly,car_new,2859,unknown_or_none,unemployed,4,male_single,none,4,unknown_or_none,38,none,own,1,management_or_self_employed,1,yes,yes,0
0949,none,18,existing_paid_duly,furniture_equipment,1533,lt_100,lt_1y,4,male_married_widowed,co_applicant,1,savings_agreement_or_life_insurance,43,none,own,1,unskilled_resident,2,none,yes,1
0950,none,24,existing_paid_duly,radio_tv,3621,100_to_500,ge_7y,2,male_single,none,4,car_or_other,31,none,own,2,skilled_employee,1,none,yes,1
0951,0_to_200,18,critical_or_other_credits,business,3590,lt_100,unemployed,3,male_married_widowed,none,3,car_or_other,40,none,own,3,unemployed_unskilled_non_resident,2,yes,yes,0
0952,lt_0,36,past_delays,business,2145,lt_100,4_to_7y,2,male_single,none,1,car_or_other,24,none,own,2,skilled_employee,1,yes,yes,1
0953,0_to_200,24,existing_paid_duly,car_used,4113,500_to_1000,lt_1y,3,female_divorced_separated_married,none,4,car_or_other,28,none,rent,1,skilled_employee,1,none,yes,1
0954,none,36,existing_paid_duly,furniture_equipment,10974,lt_100,unemployed,4,female_divorced_separated_married,none,2,car_or_other,26,none,own,2,management_or_self_employed,1,yes,yes,1
0955,lt_0,12,existing_paid_duly,car_new,1893,lt_100,1_to_4y,4,female_divorced_separated_married,guarantor,4,savings_agreement_or_life_insurance,29,none,own,1,skilled_employee,1,yes,yes,0
0956,lt_0,24,critical_or_other_credits,radio_tv,1231,ge_1000,ge_7y,4,female_divorced_separated_married,none,4,savings_agreement_or_life_insurance,57,none,rent,2,management_or_self_employed,1,yes,yes,0
0957,ge_200_or_salary,30,critical_or_other_credits,radio_tv,3656,unknown_or_none,ge_7y,4,male_single,none,4,savings_agreement_or_life_insurance,49,stores,own,2,unskilled_resident,1,none,yes,0
0958,0_to_200,9,critical_or_other_credits,radio_tv,1154,lt_100,ge_7y,2,male_single,none,4,real_estate,37,none,own,3,unskilled_resident,1,none,yes,0
0959,lt_0,28,existing_paid_duly,car_new,4006,lt_100,1_to_4y,3,male_single,none,2,car_or_other,45,none,own,1,unskilled_resident,1,none,yes,1
0960,0_to_200,24,existing_paid_duly,furniture_equipment,3069,100_to_500,ge_7y,4,male_single,none,4,unknown_or_none,30,none,for_free,1,skilled_employee,1,none,yes,0
0961,none,6,critical_or_other_credits,radio_tv,1740,lt_100,ge_7y,2,male_married_widowed,none,2,real_estate,30,none,rent,2,skilled_employee,1,none,yes,0
0962,0_to_200,21,past_delays,car_new,2353,lt_100,1_to_4y,1,male_divorced_separated,none,4,savings_agreement_or_life_insurance,47,none,own,2,skilled_employee,1,none,yes,0
0963,none,15,existing_paid_duly,car_new,3556,unknown_or_none,1_to_4y,3,male_single,none,2,unknown_or_none,29,none,own,1,skilled_employee,1,none,yes,0
0964,none,24,existing_paid_duly,radio_tv,2397,500_to_1000,ge_7y,3,male_single,none,2,car_or_other,35,bank,own,2,skilled_employee,1,yes,yes,1
0965,0_to_200,6,existing_paid_duly,repairs,454,lt_100,lt_1y,3,male_married_widowed,none,1,savings_agreement_or_life_insurance,22,none,own,1,unskilled_resident,1,none,yes,0
0966,0_to_200,30,existing_paid_duly,radio_tv,1715,unknown_or_none,1_to_4y,4,female_divorced_separated_married,none,1,car_or_other,26,none,own,1,skilled_employee,1,none,yes,0
0967,0_to_200,27,critical_or_other_credits,radio_tv,2520,500_to_1000,1_to_4y,4,male_single,none,2,savings_agreement_or_life_insurance,23,none,own,2,unskilled_resident,1,none,yes,1
0968,none,15,existing_paid_duly,radio_tv,3568,lt_100,ge_7y,4,female_divorced_separated_married,none,2,car_or_other,54,bank,rent,1,management_or_self_employed,1,yes,yes,0
0969,none,42,existing_paid_duly,radio_tv,7166,unknown_or_none,4_to_7y,2,male_married_widowed,none,4,savings_agreement_or_life_insurance,29,none,rent,1,skilled_employee,1,yes,yes,0
0970,lt_0,11,critical_or_other_credits,car_new,3939,lt_100,1_to_4y,1,male_single,none,2,real_estate,40,none,own,2,unskilled_resident,2,none,yes,0
0971,0_to_200,15,existing_paid_duly,repairs,1514,100_to_500,1_to_4y,4,male_single,guarantor,2,real_estate,22,none,own,1,skilled_employee,1,none,yes,0
0972,none,24,existing_paid_duly,car_new,7393,lt_100,1_to_4y,1,male_single,none,4,savings_agreement_or_life_insurance,43,none,own,1,unskilled_resident,2,none,yes,0
0973,lt_0,24,all_paid_this_bank,car_new,1193,lt_100,unemployed,1,female_divorced_separated_married,co_applicant,4,unknown_or_none,29,none,rent,2,unemployed_unskilled_non_resident,1,none,yes,1
0974,lt_0,60,existing_paid_duly,business,7297,lt_100,ge_7y,4,male_single,co_applicant,4,unknown_or_none,36,none,rent,1,skilled_employee,1,none,yes,1
0975,none,30,critical_or_other_credits,radio_tv,2831,lt_100,1_to_4y,4,female_divorced_separated_married,none,2,car_or_other,33,none,own,1,skilled_employee,1,yes,yes,0
0976,ge_200_or_salary,24,existing_paid_duly,radio_tv,1258,500_to_1000,1_to_4y,3,female_divorced_separated_married,none,3,car_or_other,57,none,own,1,unskilled_resident,1,none,yes,0
0977,0_to_200,6,existing_paid_duly,radio_tv,753,lt_100,1_to_4y,2,female_divorced_separated_married,guarantor,3,real_estate,64,none,own,1,skilled_employee,1,none,yes,0
0978,0_to_200,18,past_delays,business,2427,unknown_or_none,ge_7y,4,male_single,none,2,savings_agreement_or_life_insurance,42,none,own,2,skilled_employee,1,none,yes,0
0979,none,24,past_delays,car_new,2538,lt_100,ge_7y,4,male_single,none,4,car_or_other,47,none,own,2,unskilled_resident,2,none,yes,1
0980,0_to_200,15,all_paid_this_bank,car_new,1264,100_to_500,1_to_4y,2,male_married_widowed,none,2,savings_agreement_or_life_insurance,25,none,rent,1,skilled_employee,1,none,yes,1
0981,0_to_200,30,critical_or_other_credits,furniture_equipment,8386,lt_100,4_to_7y,2,male_single,none,2,savings_agreement_or_life_insurance,49,none,own,1,skilled_employee,1,none,yes,1
0982,none,48,existing_paid_duly,business,4844,lt_100,unemployed,3,male_single,none,2,car_or_other,33,bank,rent,1,management_or_self_employed,1,yes,yes,1
0983,ge_200_or_salary,21,existing_paid_duly,car_new,2923,100_to_500,1_to_4y,1,female_divorced_separated_married,none,1,car_or_other,28,bank,own,1,management_or_self_employed,1,yes,yes,0
0984,lt_0,36,existing_paid_duly,car_used,8229,lt_100,1_to_4y,2,male_single,none,2,savings_agreement_or_life_insurance,26,none,own,1,skilled_employee,2,none,yes,1
0985,none,24,critical_or_other_credits,furniture_equipment,2028,lt_100,4_to_7y,2,male_single,none,2,savings_agreement_or_life_insurance,30,none,own,2,unskilled_resident,1,none,yes,0
0986,lt_0,15,critical_or_other_credits,furniture_equipment,1433,lt_100,1_to_4y,4,female_divorced_separated_married,none,3,savings_agreement_or_life_insurance,25,none,rent,2,skilled_employee,1,none,yes,0
0987,ge_200_or_salary,42,no_credits_all_paid,business,6289,lt_100,lt_1y,2,male_divorced_separated,none,1,savings_agreement_or_life_insurance,33,none,own,2,skilled_employee,1,none,yes,0
0988,none,13,existing_paid_duly,radio_tv,1409,100_to_500,unemployed,2,female_divorced_separated_married,none,4,real_estate,64,none,own,1,skilled_employee,1,none,yes,0
0989,lt_0,24,existing_paid_duly,car_used,6579,lt_100,unemployed,4,male_single,none,2,unknown_or_none,29,none,for_free,1,management_or_self_employed,1,yes,yes,0
0990,0_to_200,24,critical_or_other_credits,radio_tv,1743,lt_100,ge_7y,4,male_single,none,2,savings_agreement_or_life_insurance,48,none,own,2,unskilled_resident,1,none,yes,0
0991,none,12,critical_or_other_credits,education,3565,unknown_or_none,lt_1y,2,male_single,none,1,savings_agreement_or_life_insurance,37,none,own,2,unskilled_resident,2,none,yes,0
0992,none,15,all_paid_this_bank,radio_tv,1569,100_to_500,ge_7y,4,male_single,none,4,car_or_other,34,bank,own,1,unskilled_resident,2,none,yes,0
0993,lt_0,18,existing_paid_duly,radio_tv,1936,unknown_or_none,4_to_7y,2,male_married_widowed,none,4,car_or_other,23,none,rent,2,unskilled_resident,1,none,yes,0
0994,lt_0,36,existing_paid_duly,furniture_equipment,3959,lt_100,unemployed,4,male_single,none,3,savings_agreement_or_life_insurance,30,none,own,1,management_or_self_employed,1,yes,yes,0
0995,none,12,existing_paid_duly,car_new,2390,unknown_or_none,ge_7y,4,male_single,none,3,car_or_other,50,none,own,1,skilled_employee,1,yes,yes,0
0996,none,12,existing_paid_duly,furniture_equipment,1736,lt_100,4_to_7y,3,female_divorced_separated_married,none,4,real_estate,31,none,own,1,unskilled_resident,1,none,yes,0
0997,lt_0,30,existing_paid_duly,car_used,3857,lt_100,1_to_4y,4,male_divorced_separated,none,4,savings_agreement_or_life_insurance,40,none,own,1,management_or_self_employed,1,yes,yes,0
0998,none,12,existing_paid_duly,radio_tv,804,lt_100,ge_7y,4,male_single,none,4,car_or_other,38,none,own,1,skilled_employee,1,none,yes,0
0999,lt_0,45,existing_paid_duly,radio_tv,1845,lt_100,1_to_4y,4,male_single,none,4,unknown_or_none,23,none,for_free,1,skilled_employee,1,yes,yes,1
1000,0_to_200,45,critical_or_other_credits,car_used,4576,100_to_500,unemployed,3,male_single,none,4,car_or_other,27,none,own,1,skilled_employee,1,none,yes,0
